{"A": ["a1", "a2", "a3", "a4"], "H": "[{\"frozenset()\": 0.0, \"frozenset({'a1'})\": 1.022486128118689, \"frozenset({'a2'})\": 3.443104377807072, \"frozenset({'a3'})\": 2.0219674878566165, \"frozenset({'a4'})\": 1.5674203838158918, \"frozenset({'a2', 'a1'})\": 0.9795066393801615, \"frozenset({'a3', 'a1'})\": 0.8808491479873026, \"frozenset({'a4', 'a1'})\": 2.4497397860999284, \"frozenset({'a3', 'a2'})\": 0.6020786952359922, \"frozenset({'a4', 'a2'})\": 1.1858176954447996, \"frozenset({'a3', 'a4'})\": 3.841249320881962, \"frozenset({'a3', 'a2', 'a1'})\": 2.0425921699280187, \"frozenset({'a4', 'a2', 'a1'})\": 2.4170043196495725, \"frozenset({'a3', 'a4', 'a1'})\": 7.953914945332173, \"frozenset({'a3', 'a4', 'a2'})\": 0.3810790055692994, \"frozenset({'a3', 'a4', 'a2', 'a1'})\": 0.4424773423149553}, {\"frozenset()\": 0.0, \"frozenset({'a1'})\": 0.898649322497171, \"frozenset({'a2'})\": -0.9162972347428633, \"frozenset({'a3'})\": 1.729775827036459, \"frozenset({'a4'})\": 0.9952689078254175, \"frozenset({'a2', 'a1'})\": 0.7830742426080095, \"frozenset({'a3', 'a1'})\": 3.661374972851177, \"frozenset({'a4', 'a1'})\": 1.4562847198631519, \"frozenset({'a3', 'a2'})\": 2.3872734342538533, \"frozenset({'a4', 'a2'})\": 1.830937697624927, \"frozenset({'a3', 'a4'})\": 0.41571229665356624, \"frozenset({'a3', 'a2', 'a1'})\": 3.022117306439377, \"frozenset({'a4', 'a2', 'a1'})\": -2.270566049289479, \"frozenset({'a3', 'a4', 'a1'})\": -0.019375255563470084, \"frozenset({'a3', 'a4', 'a2'})\": 1.9796257660667484, \"frozenset({'a3', 'a4', 'a2', 'a1'})\": 0.2534174721892568}, {\"frozenset()\": 0.0, \"frozenset({'a1'})\": 0.713344599562338, \"frozenset({'a2'})\": 1.1776292738126173, \"frozenset({'a3'})\": 1.0433354202658325, \"frozenset({'a4'})\": 1.3880174015543707, \"frozenset({'a2', 'a1'})\": 5.734110841914044, \"frozenset({'a3', 'a1'})\": 1.752330842331237, \"frozenset({'a4', 'a1'})\": -0.2797023483013521, \"frozenset({'a3', 'a2'})\": 1.4849672117698611, \"frozenset({'a4', 'a2'})\": 1.8225352831278812, \"frozenset({'a3', 'a4'})\": 2.57284818501995, \"frozenset({'a3', 'a2', 'a1'})\": 2.8196493531018487, \"frozenset({'a4', 'a2', 'a1'})\": 6.463653110277793, \"frozenset({'a3', 'a4', 'a1'})\": 1.2435852736101614, \"frozenset({'a3', 'a4', 'a2'})\": 2.6594138753271377, \"frozenset({'a3', 'a4', 'a2', 'a1'})\": -0.5364655049504838}]", "Pi": "[{\"py/tuple\": [{\"py/object\": \"networkx.classes.graph.Graph\", \"graph_attr_dict_factory\": {\"py/type\": \"builtins.dict\"}, \"node_dict_factory\": {\"py/type\": \"builtins.dict\"}, \"node_attr_dict_factory\": {\"py/type\": \"builtins.dict\"}, \"adjlist_outer_dict_factory\": {\"py/type\": \"builtins.dict\"}, \"adjlist_inner_dict_factory\": {\"py/type\": \"builtins.dict\"}, \"edge_attr_dict_factory\": {\"py/type\": \"builtins.dict\"}, \"graph\": {}, \"_node\": {\"a1\": {}, \"a2\": {}, \"a3\": {}, \"a4\": {}}, \"_adj\": {\"a1\": {}, \"a2\": {\"a4\": {}}, \"a3\": {\"a4\": {}}, \"a4\": {\"a2\": {\"py/id\": 11}, \"a3\": {\"py/id\": 13}}}}, {\"py/set\": []}, {}, {}, 1, 0]}, {\"py/tuple\": [{\"py/object\": \"networkx.classes.graph.Graph\", \"graph_attr_dict_factory\": {\"py/type\": \"builtins.dict\"}, \"node_dict_factory\": {\"py/type\": \"builtins.dict\"}, \"node_attr_dict_factory\": {\"py/type\": \"builtins.dict\"}, \"adjlist_outer_dict_factory\": {\"py/type\": \"builtins.dict\"}, \"adjlist_inner_dict_factory\": {\"py/type\": \"builtins.dict\"}, \"edge_attr_dict_factory\": {\"py/type\": \"builtins.dict\"}, \"graph\": {}, \"_node\": {\"a1\": {}, \"a2\": {}, \"a3\": {}, \"a4\": {}}, \"_adj\": {\"a1\": {\"a2\": {}, \"a3\": {}, \"a4\": {}}, \"a2\": {\"a1\": {\"py/id\": 26}, \"a3\": {}}, \"a3\": {\"a1\": {\"py/id\": 27}, \"a2\": {\"py/id\": 30}}, \"a4\": {\"a1\": {\"py/id\": 28}}}}, {\"py/set\": [\"a3\", \"a1\"]}, {\"a3\": 1, \"a1\": 1}, {\"a3\": 0, \"a1\": 0}, 1, 0]}, {\"py/tuple\": [{\"py/object\": \"networkx.classes.graph.Graph\", \"graph_attr_dict_factory\": {\"py/type\": \"builtins.dict\"}, \"node_dict_factory\": {\"py/type\": \"builtins.dict\"}, \"node_attr_dict_factory\": {\"py/type\": \"builtins.dict\"}, \"adjlist_outer_dict_factory\": {\"py/type\": \"builtins.dict\"}, \"adjlist_inner_dict_factory\": {\"py/type\": \"builtins.dict\"}, \"edge_attr_dict_factory\": {\"py/type\": \"builtins.dict\"}, \"graph\": {}, \"_node\": {\"a1\": {}, \"a2\": {}, \"a3\": {}, \"a4\": {}}, \"_adj\": {\"a1\": {\"a3\": {}, \"a4\": {}}, \"a2\": {}, \"a3\": {\"a1\": {\"py/id\": 44}, \"a4\": {}}, \"a4\": {\"a1\": {\"py/id\": 45}, \"a3\": {\"py/id\": 48}}}}, {\"py/set\": [\"a3\", \"a1\"]}, {\"a3\": 1, \"a1\": 1}, {\"a3\": 0, \"a1\": 0}, 1, 0]}]"}