{"A": ["a1", "a2", "a3", "a4"], "H": "[{\"frozenset()\": 0.0, \"frozenset({'a1'})\": 3.0226415596125245, \"frozenset({'a2'})\": 0.6615396085348711, \"frozenset({'a3'})\": 1.0682271820221794, \"frozenset({'a4'})\": 1.428892132059317, \"frozenset({'a2', 'a1'})\": -0.4361264043157709, \"frozenset({'a3', 'a1'})\": 0.2954955037034708, \"frozenset({'a4', 'a1'})\": 0.8361705204159706, \"frozenset({'a3', 'a2'})\": 2.818986342871398, \"frozenset({'a4', 'a2'})\": -0.5025575161635141, \"frozenset({'a3', 'a4'})\": 3.5930904059633444, \"frozenset({'a3', 'a2', 'a1'})\": -0.6445551906370395, \"frozenset({'a4', 'a2', 'a1'})\": 6.813067000212861, \"frozenset({'a3', 'a4', 'a1'})\": 2.583815710988056, \"frozenset({'a3', 'a4', 'a2'})\": 0.017669239278133908, \"frozenset({'a3', 'a4', 'a2', 'a1'})\": 0.08111146603328834}, {\"frozenset()\": 0.0, \"frozenset({'a1'})\": -0.22602344169638156, \"frozenset({'a2'})\": 2.1982854990928775, \"frozenset({'a3'})\": -0.6607034368889924, \"frozenset({'a4'})\": -0.5160823539850228, \"frozenset({'a2', 'a1'})\": 2.107662284083493, \"frozenset({'a3', 'a1'})\": 3.3051308632055907, \"frozenset({'a4', 'a1'})\": 0.2103230691987792, \"frozenset({'a3', 'a2'})\": -2.284260387593293, \"frozenset({'a4', 'a2'})\": 1.9093352602345535, \"frozenset({'a3', 'a4'})\": -0.8913836216545081, \"frozenset({'a3', 'a2', 'a1'})\": -0.38188683886666563, \"frozenset({'a4', 'a2', 'a1'})\": -0.9942643956849837, \"frozenset({'a3', 'a4', 'a1'})\": 3.494006536393548, \"frozenset({'a3', 'a4', 'a2'})\": 0.3744371639798927, \"frozenset({'a3', 'a4', 'a2', 'a1'})\": 2.8968844827044533}, {\"frozenset()\": 0.0, \"frozenset({'a1'})\": 0.546752050418825, \"frozenset({'a2'})\": 1.5510181614814798, \"frozenset({'a3'})\": 1.3725382456700213, \"frozenset({'a4'})\": 1.542471031453633, \"frozenset({'a2', 'a1'})\": 4.254588828996367, \"frozenset({'a3', 'a1'})\": -0.8709783925525256, \"frozenset({'a4', 'a1'})\": 3.803759522302828, \"frozenset({'a3', 'a2'})\": 0.7651146277674521, \"frozenset({'a4', 'a2'})\": -1.0983756200678774, \"frozenset({'a3', 'a4'})\": 2.157365681945915, \"frozenset({'a3', 'a2', 'a1'})\": 5.529712320959746, \"frozenset({'a4', 'a2', 'a1'})\": 4.977218989573952, \"frozenset({'a3', 'a4', 'a1'})\": 1.5220281337940686, \"frozenset({'a3', 'a4', 'a2'})\": -0.14240639302867653, \"frozenset({'a3', 'a4', 'a2', 'a1'})\": 3.7999351749379993}, {\"frozenset()\": 0.0, \"frozenset({'a1'})\": 1.8931106387556982, \"frozenset({'a2'})\": 0.7244927704677239, \"frozenset({'a3'})\": 1.2264404300646374, \"frozenset({'a4'})\": 1.3250363714081432, \"frozenset({'a2', 'a1'})\": 2.4993521422592653, \"frozenset({'a3', 'a1'})\": 2.335888941023886, \"frozenset({'a4', 'a1'})\": 4.3900604176256195, \"frozenset({'a3', 'a2'})\": 1.2702731666885767, \"frozenset({'a4', 'a2'})\": -0.3738521333298479, \"frozenset({'a3', 'a4'})\": -0.884138256631612, \"frozenset({'a3', 'a2', 'a1'})\": 3.8121697742479115, \"frozenset({'a4', 'a2', 'a1'})\": 3.9505059830880933, \"frozenset({'a3', 'a4', 'a1'})\": 0.8918520845950373, \"frozenset({'a3', 'a4', 'a2'})\": 2.8777395663163956, \"frozenset({'a3', 'a4', 'a2', 'a1'})\": 5.259098994142489}]", "Pi": "[{\"py/tuple\": [{\"py/object\": \"networkx.classes.graph.Graph\", \"graph_attr_dict_factory\": {\"py/type\": \"builtins.dict\"}, \"node_dict_factory\": {\"py/type\": \"builtins.dict\"}, \"node_attr_dict_factory\": {\"py/type\": \"builtins.dict\"}, \"adjlist_outer_dict_factory\": {\"py/type\": \"builtins.dict\"}, \"adjlist_inner_dict_factory\": {\"py/type\": \"builtins.dict\"}, \"edge_attr_dict_factory\": {\"py/type\": \"builtins.dict\"}, \"graph\": {}, \"_node\": {\"a1\": {}, \"a2\": {}, \"a3\": {}, \"a4\": {}}, \"_adj\": {\"a1\": {\"a2\": {}, \"a3\": {}}, \"a2\": {\"a1\": {\"py/id\": 10}, \"a4\": {}}, \"a3\": {\"a1\": {\"py/id\": 11}}, \"a4\": {\"a2\": {\"py/id\": 13}}}}, {\"py/set\": [\"a3\", \"a1\"]}, {\"a3\": 1, \"a1\": 1}, {\"a3\": 0, \"a1\": 0}, 1, 0]}, {\"py/tuple\": [{\"py/object\": \"networkx.classes.graph.Graph\", \"graph_attr_dict_factory\": {\"py/type\": \"builtins.dict\"}, \"node_dict_factory\": {\"py/type\": \"builtins.dict\"}, \"node_attr_dict_factory\": {\"py/type\": \"builtins.dict\"}, \"adjlist_outer_dict_factory\": {\"py/type\": \"builtins.dict\"}, \"adjlist_inner_dict_factory\": {\"py/type\": \"builtins.dict\"}, \"edge_attr_dict_factory\": {\"py/type\": \"builtins.dict\"}, \"graph\": {}, \"_node\": {\"a1\": {}, \"a2\": {}, \"a3\": {}, \"a4\": {}}, \"_adj\": {\"a1\": {\"a4\": {}}, \"a2\": {\"a4\": {}}, \"a3\": {\"a4\": {}}, \"a4\": {\"a1\": {\"py/id\": 27}, \"a2\": {\"py/id\": 29}, \"a3\": {\"py/id\": 31}}}}, {\"py/set\": [\"a3\", \"a2\"]}, {\"a3\": 1, \"a2\": 1}, {\"a3\": 0, \"a2\": 0}, 1, 0]}, {\"py/tuple\": [{\"py/object\": \"networkx.classes.graph.Graph\", \"graph_attr_dict_factory\": {\"py/type\": \"builtins.dict\"}, \"node_dict_factory\": {\"py/type\": \"builtins.dict\"}, \"node_attr_dict_factory\": {\"py/type\": \"builtins.dict\"}, \"adjlist_outer_dict_factory\": {\"py/type\": \"builtins.dict\"}, \"adjlist_inner_dict_factory\": {\"py/type\": \"builtins.dict\"}, \"edge_attr_dict_factory\": {\"py/type\": \"builtins.dict\"}, \"graph\": {}, \"_node\": {\"a1\": {}, \"a2\": {}, \"a3\": {}, \"a4\": {}}, \"_adj\": {\"a1\": {\"a3\": {}, \"a4\": {}}, \"a2\": {\"a3\": {}, \"a4\": {}}, \"a3\": {\"a1\": {\"py/id\": 44}, \"a2\": {\"py/id\": 47}, \"a4\": {}}, \"a4\": {\"a1\": {\"py/id\": 45}, \"a2\": {\"py/id\": 48}, \"a3\": {\"py/id\": 50}}}}, {\"py/set\": [\"a2\", \"a1\"]}, {\"a2\": 1, \"a1\": 1}, {\"a2\": 0, \"a1\": 0}, 1, 0]}, {\"py/tuple\": [{\"py/object\": \"networkx.classes.graph.Graph\", \"graph_attr_dict_factory\": {\"py/type\": \"builtins.dict\"}, \"node_dict_factory\": {\"py/type\": \"builtins.dict\"}, \"node_attr_dict_factory\": {\"py/type\": \"builtins.dict\"}, \"adjlist_outer_dict_factory\": {\"py/type\": \"builtins.dict\"}, \"adjlist_inner_dict_factory\": {\"py/type\": \"builtins.dict\"}, \"edge_attr_dict_factory\": {\"py/type\": \"builtins.dict\"}, \"graph\": {}, \"_node\": {\"a1\": {}, \"a2\": {}, \"a3\": {}, \"a4\": {}}, \"_adj\": {\"a1\": {\"a2\": {}, \"a4\": {}}, \"a2\": {\"a1\": {\"py/id\": 63}, \"a3\": {}, \"a4\": {}}, \"a3\": {\"a2\": {\"py/id\": 66}, \"a4\": {}}, \"a4\": {\"a1\": {\"py/id\": 64}, \"a2\": {\"py/id\": 67}, \"a3\": {\"py/id\": 69}}}}, {\"py/set\": []}, {}, {}, 1, 0]}]"}