{"A": ["a1", "a2", "a3", "a4", "a5", "a6"], "H": "[{\"frozenset()\": 0.0, \"frozenset({'a1'})\": 2.948157025763753, \"frozenset({'a2'})\": -0.04732609653889441, \"frozenset({'a3'})\": 1.146560213852498, \"frozenset({'a4'})\": 0.5446145072477159, \"frozenset({'a5'})\": 1.8580263334370997, \"frozenset({'a6'})\": 0.2631479795498658, \"frozenset({'a2', 'a1'})\": 1.0586238871755338, \"frozenset({'a3', 'a1'})\": -0.4114874509359958, \"frozenset({'a4', 'a1'})\": 3.506802908330387, \"frozenset({'a5', 'a1'})\": 2.39243807120178, \"frozenset({'a6', 'a1'})\": 1.4004817715437172, \"frozenset({'a2', 'a3'})\": 2.208739954208064, \"frozenset({'a2', 'a4'})\": 1.918965453370231, \"frozenset({'a2', 'a5'})\": 6.02664838464307, \"frozenset({'a2', 'a6'})\": 1.7310445414317104, \"frozenset({'a3', 'a4'})\": 2.4712781941087862, \"frozenset({'a3', 'a5'})\": 4.191491396750962, \"frozenset({'a3', 'a6'})\": -3.122805088798602, \"frozenset({'a5', 'a4'})\": 1.3439247458676338, \"frozenset({'a4', 'a6'})\": 2.4681799776499487, \"frozenset({'a5', 'a6'})\": 0.12636982624351978, \"frozenset({'a2', 'a3', 'a1'})\": 1.9620272250873514, \"frozenset({'a2', 'a4', 'a1'})\": 3.5927419433648167, \"frozenset({'a2', 'a5', 'a1'})\": 1.601845872466677, \"frozenset({'a6', 'a2', 'a1'})\": -2.310325050890701, \"frozenset({'a3', 'a4', 'a1'})\": -0.825237831083049, \"frozenset({'a3', 'a5', 'a1'})\": 2.2017159060385723, \"frozenset({'a6', 'a3', 'a1'})\": 5.210799985335763, \"frozenset({'a5', 'a4', 'a1'})\": 3.5880116479428548, \"frozenset({'a6', 'a4', 'a1'})\": 0.31097474604095376, \"frozenset({'a6', 'a5', 'a1'})\": -1.3465208899838625, \"frozenset({'a2', 'a4', 'a3'})\": 10.683839161036692, \"frozenset({'a2', 'a5', 'a3'})\": 1.1169990077833873, \"frozenset({'a6', 'a2', 'a3'})\": 2.593812156784466, \"frozenset({'a2', 'a5', 'a4'})\": -2.9195850314091665, \"frozenset({'a2', 'a4', 'a6'})\": 1.2084247198493325, \"frozenset({'a2', 'a5', 'a6'})\": 2.5539883144007955, \"frozenset({'a3', 'a5', 'a4'})\": 3.7998356478453283, \"frozenset({'a3', 'a4', 'a6'})\": 2.7265458779100795, \"frozenset({'a3', 'a5', 'a6'})\": -1.4027445768837294, \"frozenset({'a5', 'a4', 'a6'})\": 5.300983196398734, \"frozenset({'a2', 'a3', 'a4', 'a1'})\": 12.033177541216306, \"frozenset({'a5', 'a2', 'a3', 'a1'})\": 7.773574367609784, \"frozenset({'a6', 'a2', 'a3', 'a1'})\": 3.6927008429049173, \"frozenset({'a2', 'a5', 'a4', 'a1'})\": 3.3283844719915767, \"frozenset({'a6', 'a2', 'a4', 'a1'})\": -0.4822315762320697, \"frozenset({'a6', 'a2', 'a5', 'a1'})\": 4.410071175492185, \"frozenset({'a3', 'a5', 'a4', 'a1'})\": 2.9897210788216473, \"frozenset({'a6', 'a3', 'a4', 'a1'})\": -3.8439938509093246, \"frozenset({'a6', 'a3', 'a5', 'a1'})\": 1.6325777754269946, \"frozenset({'a6', 'a5', 'a4', 'a1'})\": -4.165394585622797, \"frozenset({'a2', 'a5', 'a4', 'a3'})\": 0.8756607799358678, \"frozenset({'a6', 'a2', 'a4', 'a3'})\": 3.154993944930343, \"frozenset({'a6', 'a2', 'a5', 'a3'})\": 2.8380704181672396, \"frozenset({'a2', 'a5', 'a4', 'a6'})\": -1.7127916867194548, \"frozenset({'a3', 'a5', 'a4', 'a6'})\": -0.9633380060648999, \"frozenset({'a5', 'a4', 'a3', 'a2', 'a1'})\": 1.9141433576383666, \"frozenset({'a6', 'a4', 'a3', 'a2', 'a1'})\": 5.378324198803405, \"frozenset({'a6', 'a5', 'a3', 'a2', 'a1'})\": 10.228863631855742, \"frozenset({'a6', 'a5', 'a4', 'a1', 'a2'})\": 9.90142050407161, \"frozenset({'a6', 'a5', 'a4', 'a1', 'a3'})\": 6.6969837136642445, \"frozenset({'a6', 'a5', 'a4', 'a3', 'a2'})\": 5.402139600405311, \"frozenset({'a6', 'a5', 'a4', 'a3', 'a2', 'a1'})\": 15.918154552654107}, {\"frozenset()\": 0.0, \"frozenset({'a1'})\": 2.6992509291810047, \"frozenset({'a2'})\": -0.604436124623684, \"frozenset({'a3'})\": 1.2361666238136961, \"frozenset({'a4'})\": 1.6294146867907489, \"frozenset({'a5'})\": 1.2164576715604851, \"frozenset({'a6'})\": 0.46376696450618915, \"frozenset({'a2', 'a1'})\": 2.547091672767701, \"frozenset({'a3', 'a1'})\": 2.991099526122113, \"frozenset({'a4', 'a1'})\": 3.721412432983652, \"frozenset({'a5', 'a1'})\": 5.969426874257369, \"frozenset({'a6', 'a1'})\": 8.715204307330875, \"frozenset({'a2', 'a3'})\": 1.546262532384571, \"frozenset({'a2', 'a4'})\": 3.1558269559609604, \"frozenset({'a2', 'a5'})\": 3.6097091942242976, \"frozenset({'a2', 'a6'})\": 0.7637245606555221, \"frozenset({'a3', 'a4'})\": 1.182705902687407, \"frozenset({'a3', 'a5'})\": -0.6973195167707962, \"frozenset({'a3', 'a6'})\": 0.4517751170275315, \"frozenset({'a5', 'a4'})\": -1.4455812059212998, \"frozenset({'a4', 'a6'})\": 2.5239248093291726, \"frozenset({'a5', 'a6'})\": -4.056502240487032, \"frozenset({'a2', 'a3', 'a1'})\": -0.1840636134619671, \"frozenset({'a2', 'a4', 'a1'})\": 6.904803713359663, \"frozenset({'a2', 'a5', 'a1'})\": 4.61717341479746, \"frozenset({'a6', 'a2', 'a1'})\": 5.275787419079809, \"frozenset({'a3', 'a4', 'a1'})\": 1.7609207166352758, \"frozenset({'a3', 'a5', 'a1'})\": -2.573737989896694, \"frozenset({'a6', 'a3', 'a1'})\": 1.976185440414959, \"frozenset({'a5', 'a4', 'a1'})\": 1.7542546820771014, \"frozenset({'a6', 'a4', 'a1'})\": 1.4025447142526941, \"frozenset({'a6', 'a5', 'a1'})\": 6.513490797492277, \"frozenset({'a2', 'a4', 'a3'})\": -1.9155431309827726, \"frozenset({'a2', 'a5', 'a3'})\": 0.16494561712939237, \"frozenset({'a6', 'a2', 'a3'})\": -1.876290463051295, \"frozenset({'a2', 'a5', 'a4'})\": 3.1553892098093175, \"frozenset({'a2', 'a4', 'a6'})\": 7.111437516636065, \"frozenset({'a2', 'a5', 'a6'})\": -0.2944738726156748, \"frozenset({'a3', 'a5', 'a4'})\": 5.255529841321661, \"frozenset({'a3', 'a4', 'a6'})\": 1.1073289658856629, \"frozenset({'a3', 'a5', 'a6'})\": 3.1149772741768307, \"frozenset({'a5', 'a4', 'a6'})\": 4.3778761203060625, \"frozenset({'a2', 'a3', 'a4', 'a1'})\": 7.064816854847038, \"frozenset({'a5', 'a2', 'a3', 'a1'})\": -0.685142788820742, \"frozenset({'a6', 'a2', 'a3', 'a1'})\": 6.0000234748753325, \"frozenset({'a2', 'a5', 'a4', 'a1'})\": -0.2718519452553636, \"frozenset({'a6', 'a2', 'a4', 'a1'})\": 1.3696594250980891, \"frozenset({'a6', 'a2', 'a5', 'a1'})\": 1.9544795258018848, \"frozenset({'a3', 'a5', 'a4', 'a1'})\": 1.6841041086018365, \"frozenset({'a6', 'a3', 'a4', 'a1'})\": -1.0103109535319614, \"frozenset({'a6', 'a3', 'a5', 'a1'})\": 8.970000511465583, \"frozenset({'a6', 'a5', 'a4', 'a1'})\": 1.2182442632821502, \"frozenset({'a2', 'a5', 'a4', 'a3'})\": -1.8926837289140837, \"frozenset({'a6', 'a2', 'a4', 'a3'})\": 2.359826327523389, \"frozenset({'a6', 'a2', 'a5', 'a3'})\": -0.33694684674317354, \"frozenset({'a2', 'a5', 'a4', 'a6'})\": 8.676653148059138, \"frozenset({'a3', 'a5', 'a4', 'a6'})\": 3.434030553525989, \"frozenset({'a5', 'a4', 'a3', 'a2', 'a1'})\": 3.0563969329154532, \"frozenset({'a6', 'a4', 'a3', 'a2', 'a1'})\": 2.5143885358724245, \"frozenset({'a6', 'a5', 'a3', 'a2', 'a1'})\": 5.0831467343650205, \"frozenset({'a6', 'a5', 'a4', 'a1', 'a2'})\": 10.104095256451512, \"frozenset({'a6', 'a5', 'a4', 'a1', 'a3'})\": -4.237335209664552, \"frozenset({'a6', 'a5', 'a4', 'a3', 'a2'})\": 19.72204029313327, \"frozenset({'a6', 'a5', 'a4', 'a3', 'a2', 'a1'})\": 8.265075906899796}, {\"frozenset()\": 0.0, \"frozenset({'a1'})\": 0.399202809804035, \"frozenset({'a2'})\": 2.987320760830225, \"frozenset({'a3'})\": 0.5927128364474716, \"frozenset({'a4'})\": 1.7737341122498895, \"frozenset({'a5'})\": 2.0921436805076965, \"frozenset({'a6'})\": 0.42462731527660313, \"frozenset({'a2', 'a1'})\": 2.1935310794338774, \"frozenset({'a3', 'a1'})\": 1.065961476270918, \"frozenset({'a4', 'a1'})\": 1.7714523292664492, \"frozenset({'a5', 'a1'})\": 3.5842138261687992, \"frozenset({'a6', 'a1'})\": 1.6175832673793478, \"frozenset({'a2', 'a3'})\": 2.621129018768057, \"frozenset({'a2', 'a4'})\": 3.4599978410510914, \"frozenset({'a2', 'a5'})\": 5.8273891213101425, \"frozenset({'a2', 'a6'})\": 2.164610845361944, \"frozenset({'a3', 'a4'})\": 4.324824460135657, \"frozenset({'a3', 'a5'})\": 3.8864940256179263, \"frozenset({'a3', 'a6'})\": 0.9624801238298586, \"frozenset({'a5', 'a4'})\": 4.0269667347033895, \"frozenset({'a4', 'a6'})\": 