{"A": ["a1", "a2", "a3", "a4", "a5", "a6", "a7"], "H": "[{\"frozenset()\": 0.0, \"frozenset({'a1'})\": 3.243550079476386, \"frozenset({'a2'})\": 0.8921770937434198, \"frozenset({'a3'})\": 0.7675102534813553, \"frozenset({'a4'})\": -0.4196974495902488, \"frozenset({'a5'})\": 2.437238890291014, \"frozenset({'a6'})\": 0.6612065743702943, \"frozenset({'a7'})\": 0.824802525978067, \"frozenset({'a2', 'a1'})\": 3.4986610736456463, \"frozenset({'a3', 'a1'})\": 2.5369744931913556, \"frozenset({'a4', 'a1'})\": 4.643574574683299, \"frozenset({'a5', 'a1'})\": 0.9759769463486518, \"frozenset({'a6', 'a1'})\": 1.4909126318702408, \"frozenset({'a7', 'a1'})\": 4.122332938861637, \"frozenset({'a2', 'a3'})\": 3.239510217349663, \"frozenset({'a2', 'a4'})\": 3.12103343591901, \"frozenset({'a2', 'a5'})\": -0.09880043305174446, \"frozenset({'a2', 'a6'})\": 1.0721781311547525, \"frozenset({'a2', 'a7'})\": 1.051460773158668, \"frozenset({'a3', 'a4'})\": -1.2408825060880742, \"frozenset({'a3', 'a5'})\": 2.9556009295441568, \"frozenset({'a3', 'a6'})\": 3.118031615490577, \"frozenset({'a3', 'a7'})\": -0.5268462768630267, \"frozenset({'a5', 'a4'})\": 5.309384262640728, \"frozenset({'a4', 'a6'})\": 1.6579011633841745, \"frozenset({'a7', 'a4'})\": 1.0583728904452492, \"frozenset({'a5', 'a6'})\": 6.227277640035873, \"frozenset({'a7', 'a5'})\": 3.197756444506371, \"frozenset({'a7', 'a6'})\": 1.3900503754110578, \"frozenset({'a2', 'a3', 'a1'})\": 5.068688908796815, \"frozenset({'a2', 'a4', 'a1'})\": 4.59910884196935, \"frozenset({'a2', 'a5', 'a1'})\": -0.08509604230920553, \"frozenset({'a6', 'a2', 'a1'})\": 6.0723919293799735, \"frozenset({'a2', 'a7', 'a1'})\": 5.890000761246527, \"frozenset({'a3', 'a4', 'a1'})\": 3.8795764863816267, \"frozenset({'a3', 'a5', 'a1'})\": 6.617809386758247, \"frozenset({'a6', 'a3', 'a1'})\": 1.776974584814853, \"frozenset({'a3', 'a7', 'a1'})\": 5.114998131975007, \"frozenset({'a5', 'a4', 'a1'})\": 5.2403130369520605, \"frozenset({'a6', 'a4', 'a1'})\": 1.4781268079450203, \"frozenset({'a7', 'a4', 'a1'})\": 4.679298601962735, \"frozenset({'a6', 'a5', 'a1'})\": -0.08775461135144669, \"frozenset({'a7', 'a5', 'a1'})\": -3.2839958602153256, \"frozenset({'a6', 'a7', 'a1'})\": -1.8224116416382126, \"frozenset({'a2', 'a4', 'a3'})\": 6.699847693061216, \"frozenset({'a2', 'a5', 'a3'})\": 6.3684278400770555, \"frozenset({'a6', 'a2', 'a3'})\": 2.168003513352842, \"frozenset({'a2', 'a7', 'a3'})\": -3.314089008203471, \"frozenset({'a2', 'a5', 'a4'})\": 2.3291826896663554, \"frozenset({'a2', 'a4', 'a6'})\": 1.0780933959285768, \"frozenset({'a7', 'a2', 'a4'})\": 3.1259559240813535, \"frozenset({'a2', 'a5', 'a6'})\": 2.5180974941883445, \"frozenset({'a2', 'a5', 'a7'})\": 3.8796153345984976, \"frozenset({'a2', 'a7', 'a6'})\": -0.22229624397064862, \"frozenset({'a3', 'a5', 'a4'})\": -2.2216606588419117, \"frozenset({'a3', 'a4', 'a6'})\": 2.705880265199397, \"frozenset({'a7', 'a3', 'a4'})\": 1.8962779756481674, \"frozenset({'a3', 'a5', 'a6'})\": -0.06583860520178497, \"frozenset({'a3', 'a5', 'a7'})\": 8.467614639188044, \"frozenset({'a3', 'a7', 'a6'})\": 10.457426935612526, \"frozenset({'a5', 'a4', 'a6'})\": 6.08696827741335, \"frozenset({'a7', 'a5', 'a4'})\": -2.569744705363629, \"frozenset({'a7', 'a4', 'a6'})\": 2.351269086838669, \"frozenset({'a7', 'a5', 'a6'})\": 2.6222672373621703, \"frozenset({'a2', 'a3', 'a4', 'a1'})\": 2.8660678327906504, \"frozenset({'a5', 'a2', 'a3', 'a1'})\": -0.02124467916652506, \"frozenset({'a6', 'a2', 'a3', 'a1'})\": 9.547870331031069, \"frozenset({'a2', 'a3', 'a7', 'a1'})\": 10.137315938154153, \"frozenset({'a2', 'a5', 'a4', 'a1'})\": 9.70011870930734, \"frozenset({'a6', 'a2', 'a4', 'a1'})\": 2.882192122757383, \"frozenset({'a7', 'a2', 'a4', 'a1'})\": 3.4569179495654923, \"frozenset({'a6', 'a2', 'a5', 'a1'})\": 6.440569413315894, \"frozenset({'a2', 'a5', 'a7', 'a1'})\": -1.5108465997286613, \"frozenset({'a6', 'a2', 'a7', 'a1'})\": 2.583085841088036, \"frozenset({'a3', 'a5', 'a4', 'a1'})\": 9.41144852344038, \"frozenset({'a6', 'a3', 'a4', 'a1'})\": 0.7074605135207679, \"frozenset({'a7', 'a3', 'a4', 'a1'})\": 0.026981732034512262, \"frozenset({'a6', 'a3', 'a5', 'a1'})\": -0.5097747524395766, \"frozenset({'a3', 'a5', 'a7', 'a1'})\": 4.226499504424957, \"frozenset({'a6', 'a3', 'a7', 'a1'})\": -0.07229921464181821, \"frozenset({'a6', 'a5', 'a4', 'a1'})\": 0.8073480998210094, \"frozenset({'a7', 'a5', 'a4', 'a1'})\": 3.4837564375992875, \"frozenset({'a6', 'a7', 'a4', 'a1'})\": 6.073730628956515, \"frozenset({'a6', 'a7', 'a5', 'a1'})\": 5.278104086698085, \"frozenset({'a2', 'a5', 'a4', 'a3'})\": 13.516990857320184, \"frozenset({'a6', 'a2', 'a4', 'a3'})\": 4.982427386853109, \"frozenset({'a7', 'a2', 'a4', 'a3'})\": 10.789988785640212, \"frozenset({'a6', 'a2', 'a5', 'a3'})\": -1.0317290531024303, \"frozenset({'a2', 'a5', 'a7', 'a3'})\": 0.41808582554959095, \"frozenset({'a6', 'a2', 'a7', 'a3'})\": -0.9180188855726987, \"frozenset({'a2', 'a5', 'a4', 'a6'})\": 1.4051571365052156, \"frozenset({'a7', 'a2', 'a5', 'a4'})\": 6.065435104457294, \"frozenset({'a7', 'a2', 'a4', 'a6'})\": 7.155693513881783, \"frozenset({'a2', 'a5', 'a7', 'a6'})\": -4.885442269584285, \"frozenset({'a3', 'a5', 'a4', 'a6'})\": 2.2640876960939966, \"frozenset({'a7', 'a3', 'a5', 'a4'})\": -4.597353485526028, \"frozenset({'a7', 'a3', 'a4', 'a6'})\": -0.32612742917635806, \"frozenset({'a3', 'a5', 'a7', 'a6'})\": -3.067009573895181, \"frozenset({'a7', 'a5', 'a4', 'a6'})\": 6.113949267588875, \"frozenset({'a5', 'a4', 'a3', 'a2', 'a1'})\": -1.0038862058057676, \"frozenset({'a6', 'a4', 'a3', 'a2', 'a1'})\": 8.345959133402733, \"frozenset({'a2', 'a4', 'a3', 'a7', 'a1'})\": 1.630122010893638, \"frozenset({'a6', 'a5', 'a3', 'a2', 'a1'})\": 2.953625163487978, \"frozenset({'a5', 'a3', 'a2', 'a1', 'a7'})\": 6.536122811504406, \"frozenset({'a6', 'a3', 'a2', 'a1', 'a7'})\": 1.4399512966397103, \"frozenset({'a6', 'a5', 'a4', 'a1', 'a2'})\": 5.665854061088492, \"frozenset({'a2', 'a5', 'a4', 'a1', 'a7'})\": 5.137758053460887, \"frozenset({'a2', 'a6', 'a4', 'a1', 'a7'})\": 3.0937303008833315, \"frozenset({'a6', 'a5', 'a1', 'a2', 'a7'})\": -1.4810566491607648, \"frozenset({'a6', 'a5', 'a4', 'a1', 'a3'})\": 6.031371355875703, \"frozenset({'a5', 'a4', 'a3', 'a7', 'a1'})\": 7.169117517933755, \"frozenset({'a6', 'a4', 'a3', 'a7', 'a1'})\": -3.2178912283510304, \"frozenset({'a6', 'a5', 'a1', 'a3', 'a7'})\": 4.114433789952828, \"frozenset({'a6', 'a5', 'a4', 'a1', 'a7'})\": 5.3410330670607635, \"frozenset({'a6', 'a5', 'a4', 'a3', 'a2'})\": -0.5796115826832695, \"frozenset({'a2', 'a5', 'a4', 'a3', 'a7'})\": 4.498320298211832, \"frozenset({'a2', 'a6', 'a4', 'a3', 'a7'})\": -6.619377030919214, \"frozenset({'a6', 'a5', 'a3', 'a2', 'a7'})\": 0.5829767281595934, \"frozenset({'a2', 'a6', 'a5', 'a4', 'a7'})\": 5.168233335182664, \"frozenset({'a6', 'a5', 'a4', 'a3', 'a7'})\": 4.098897490425959, \"frozenset({'a6', 'a5', 'a4', 'a3', 'a2', 'a1'})\": 5.786780383601547, \"frozenset({'a5', 'a4', 'a3', 'a2', 'a1', 'a7'})\": 7.009098626750142, \"frozenset({'a6', 'a4', 'a3', 'a2', 'a1', 'a7'})\": 8.19695536879635, \"frozenset({'a6', 'a5', 'a3', 'a2', 'a1', 'a7'})\": 10.688304775231988, \"frozenset({'a6', 'a5', 'a4', 'a1', 'a2', 'a7'})\": 0.34331328650467885, \"frozenset({'a6', 'a5', 'a4', 'a1', 'a3', 'a7'})\": 8.366183209461418, \"frozenset({'a6', 'a5', 'a4', 'a3', 'a2', 'a7'})\": 2.90528829320254, \"frozenset({'a6', 'a5', 'a4', 'a3', 'a2', 'a1', 'a7'})\": 3.9072713693302403}, {\"frozenset()\": 0.0, \"frozenset({'a1'})\": 1.0903363270524333, \"frozenset({'a2'})\": 0.31214124809951604, \"frozenset({'a3'})\": -1.2809818446917536, \"frozenset({'a4'})\": 1.398398643849536, \"frozenset({'a5'})\": 1.3653092908567928, \"frozenset({'a6'})\": 0.662227523374824, \"frozenset({'a7'})\": 1.3761076624955617, \"frozenset({'a2', 'a1'})\": 1.244227129278692, \"frozenset({'a3', 'a1'})\": -2.8647994363401734, \"frozenset({'a4', 'a1'})\": -2.393098444903675, \"frozenset({'a5', 'a1'})\": 4.489931216922431, \"frozenset({'a6', 'a1'})\": 