{"A": ["a1", "a2", "a3", "a4", "a5"], "H": "[{\"frozenset()\": 0.0, \"frozenset({'a1'})\": 0.9033527686631434, \"frozenset({'a2'})\": 0.9620686922101706, \"frozenset({'a3'})\": 0.21259884433463339, \"frozenset({'a4'})\": 0.5166060408244728, \"frozenset({'a5'})\": -0.9734022440273604, \"frozenset({'a2', 'a1'})\": 1.2727643880938198, \"frozenset({'a3', 'a1'})\": 2.4372226969255166, \"frozenset({'a4', 'a1'})\": 3.5806802313709047, \"frozenset({'a5', 'a1'})\": 1.453737606611063, \"frozenset({'a2', 'a3'})\": -0.8600253334996766, \"frozenset({'a2', 'a4'})\": 3.3274081987064923, \"frozenset({'a2', 'a5'})\": 4.884992237903682, \"frozenset({'a3', 'a4'})\": 1.8037058906330785, \"frozenset({'a3', 'a5'})\": 0.5612334811483934, \"frozenset({'a5', 'a4'})\": 0.306364272156471, \"frozenset({'a2', 'a3', 'a1'})\": 2.5228479164892033, \"frozenset({'a2', 'a4', 'a1'})\": 2.6720019662818046, \"frozenset({'a2', 'a5', 'a1'})\": 1.3918552340993378, \"frozenset({'a3', 'a4', 'a1'})\": 1.3959811075983624, \"frozenset({'a3', 'a5', 'a1'})\": 7.582186311181861, \"frozenset({'a5', 'a4', 'a1'})\": 3.2941806821226596, \"frozenset({'a2', 'a4', 'a3'})\": 4.237464529545468, \"frozenset({'a2', 'a5', 'a3'})\": 3.6090942693839763, \"frozenset({'a2', 'a5', 'a4'})\": 2.3512899841553727, \"frozenset({'a3', 'a5', 'a4'})\": 1.5544794123250945, \"frozenset({'a2', 'a3', 'a4', 'a1'})\": 5.778767317396827, \"frozenset({'a5', 'a2', 'a3', 'a1'})\": 11.584714458119752, \"frozenset({'a2', 'a5', 'a4', 'a1'})\": -1.4865943079453023, \"frozenset({'a3', 'a5', 'a4', 'a1'})\": 4.387017799198488, \"frozenset({'a2', 'a5', 'a4', 'a3'})\": 7.023726357264633, \"frozenset({'a5', 'a4', 'a3', 'a2', 'a1'})\": -1.6119261958287359}, {\"frozenset()\": 0.0, \"frozenset({'a1'})\": 1.1264646909264147, \"frozenset({'a2'})\": 0.7997596609885526, \"frozenset({'a3'})\": -0.4251084670001919, \"frozenset({'a4'})\": 0.8668496408817477, \"frozenset({'a5'})\": -0.001538865376397025, \"frozenset({'a2', 'a1'})\": 5.545394030243704, \"frozenset({'a3', 'a1'})\": 1.3794825079953545, \"frozenset({'a4', 'a1'})\": 3.2146936559602617, \"frozenset({'a5', 'a1'})\": 1.2120656425171297, \"frozenset({'a2', 'a3'})\": 0.8410941930532849, \"frozenset({'a2', 'a4'})\": 1.3071241474396664, \"frozenset({'a2', 'a5'})\": 2.980345049975384, \"frozenset({'a3', 'a4'})\": 5.4680360541664745, \"frozenset({'a3', 'a5'})\": 2.8839690297301592, \"frozenset({'a5', 'a4'})\": 3.0285517211115724, \"frozenset({'a2', 'a3', 'a1'})\": -1.055579749166851, \"frozenset({'a2', 'a4', 'a1'})\": 0.6283679557624025, \"frozenset({'a2', 'a5', 'a1'})\": 5.3924874714281845, \"frozenset({'a3', 'a4', 'a1'})\": 8.35925729474257, \"frozenset({'a3', 'a5', 'a1'})\": 3.7748837634224612, \"frozenset({'a5', 'a4', 'a1'})\": 1.564695473350235, \"frozenset({'a2', 'a4', 'a3'})\": 0.0630555345528907, \"frozenset({'a2', 'a5', 'a3'})\": -0.6472772351405292, \"frozenset({'a2', 'a5', 'a4'})\": 0.10544691912082715, \"frozenset({'a3', 'a5', 'a4'})\": 6.126402220734545, \"frozenset({'a2', 'a3', 'a4', 'a1'})\": 2.81988024000259, \"frozenset({'a5', 'a2', 'a3', 'a1'})\": 2.6145609933458385, \"frozenset({'a2', 'a5', 'a4', 'a1'})\": 5.802700541614728, \"frozenset({'a3', 'a5', 'a4', 'a1'})\": 9.28117803697576, \"frozenset({'a2', 'a5', 'a4', 'a3'})\": 6.645366097602935, \"frozenset({'a5', 'a4', 'a3', 'a2', 'a1'})\": 2.1473927967358053}, {\"frozenset()\": 0.0, \"frozenset({'a1'})\": 0.8490269935637927, \"frozenset({'a2'})\": 1.2477836077463624, \"frozenset({'a3'})\": 0.41221993525475675, \"frozenset({'a4'})\": 3.0220747047227388, \"frozenset({'a5'})\": 2.002349443268824, \"frozenset({'a2', 'a1'})\": 0.3130982294590041, \"frozenset({'a3', 'a1'})\": -1.0998659301023457, \"frozenset({'a4', 'a1'})\": 0.7876478971098062, \"frozenset({'a5', 'a1'})\": 3.183873094075456, \"frozenset({'a2', 'a3'})\": 2.3553931204544427, \"frozenset({'a2', 'a4'})\": 2.9282797048093516, \"frozenset({'a2', 'a5'})\": 2.4634588911337154, \"frozenset({'a3', 'a4'})\": 1.5240551649888574, \"frozenset({'a3', 'a5'})\": 2.5668208420343754, \"frozenset({'a5', 'a4'})\": -0.9513260754360244, \"frozenset({'a2', 'a3', 'a1'})\": 1.903077111423094, \"frozenset({'a2', 'a4', 'a1'})\": 1.6828655190368635, \"frozenset({'a2', 'a5', 'a1'})\": 3.056675311259003, \"frozenset({'a3', 'a4', 'a1'})\": 1.4341191364007446, \"frozenset({'a3', 'a5', 'a1'})\": 1.062670214688238, \"frozenset({'a5', 'a4', 'a1'})\": 0.3961903090716077, \"frozenset({'a2', 'a4', 'a3'})\": -0.17150732803688573, \"frozenset({'a2', 'a5', 'a3'})\": 0.3762943279141253, \"frozenset({'a2', 'a5', 'a4'})\": 2.066500224345183, \"frozenset({'a3', 'a5', 'a4'})\": -1.8287729830752752, \"frozenset({'a2', 'a3', 'a4', 'a1'})\": 5.452139597698854, \"frozenset({'a5', 'a2', 'a3', 'a1'})\": 3.574017704707889, \"frozenset({'a2', 'a5', 'a4', 'a1'})\": 3.9830100927654595, \"frozenset({'a3', 'a5', 'a4', 'a1'})\": 5.138767470017788, \"frozenset({'a2', 'a5', 'a4', 'a3'})\": 8.644094540066533, \"frozenset({'a5', 'a4', 'a3', 'a2', 'a1'})\": 6.676842714974921}, {\"frozenset()\": 0.0, \"frozenset({'a1'})\": 2.9976187630860687, \"frozenset({'a2'})\": 1.5069952521985353, \"frozenset({'a3'})\": 0.2964678486544676, \"frozenset({'a4'})\": 0.055298041155962485, \"frozenset({'a5'})\": 1.0253134472096916, \"frozenset({'a2', 'a1'})\": 0.8723120888007163, \"frozenset({'a3', 'a1'})\": 0.761470327532479, \"frozenset({'a4', 'a1'})\": -1.899995125306961, \"frozenset({'a5', 'a1'})\": 3.720678602930939, \"frozenset({'a2', 'a3'})\": 4.004321791487626, \"frozenset({'a2', 'a4'})\": 2.149796607327896, \"frozenset({'a2', 'a5'})\": 2.1967846952532177, \"frozenset({'a3', 'a4'})\": 3.093934502154548, \"frozenset({'a3', 'a5'})\": 1.1206349983134252, \"frozenset({'a5', 'a4'})\": 5.582397264910584, \"frozenset({'a2', 'a3', 'a1'})\": 7.51537792105721, \"frozenset({'a2', 'a4', 'a1'})\": 3.511931681259065, \"frozenset({'a2', 'a5', 'a1'})\": 1.908795855333898, \"frozenset({'a3', 'a4', 'a1'})\": 0.6326146365784049, \"frozenset({'a3', 'a5', 'a1'})\": 9.413925684772792, \"frozenset({'a5', 'a4', 'a1'})\": 1.829817560953721, \"frozenset({'a2', 'a4', 'a3'})\": 2.0063816641497247, \"frozenset({'a2', 'a5', 'a3'})\": 7.08049679253762, \"frozenset({'a2', 'a5', 'a4'})\": 4.425591455895204, \"frozenset({'a3', 'a5', 'a4'})\": 4.371850850772821, \"frozenset({'a2', 'a3', 'a4', 'a1'})\": 8.280726960087875, \"frozenset({'a5', 'a2', 'a3', 'a1'})\": 2.8327969402567206, \"frozenset({'a2', 'a5', 'a4', 'a1'})\": 5.4817240338991695, \"frozenset({'a3', 'a5', 'a4', 'a1'})\": -2.67257712013083, \"frozenset({'a2', 'a5', 'a4', 'a3'})\": 4.831149043098355, \"frozenset({'a5', 'a4', 'a3', 'a2', 'a1'})\": 7.765809114825779}, {\"frozenset()\": 0.0, \"frozenset({'a1'})\": 0.2719659007597832, \"frozenset({'a2'})\": 0.8788836764081837, \"frozenset({'a3'})\": 1.7631209169218633, \"frozenset({'a4'})\": 1.3053866801172078, \"frozenset({'a5'})\": 0.34633011749562026, \"frozenset({'a2', 'a1'})\": -0.560608306964145, \"frozenset({'a3', 'a1'})\": -0.4274704751697538, \"frozenset({'a4', 'a1'})\": 0.08864032319048398, \"frozenset({'a5', 'a1'})\": 3.4463919359898787, \"frozenset({'a2', 'a3'})\": 1.792781153683338, \"frozenset({'a2', 'a4'})\": 4.5456161701220665, \"frozenset({'a2', 'a5'})\": -0.3495741505353944, \"frozenset({'a3', 'a4'})\": 1.3348290978737452, \"frozenset({'a3', 'a5'})\": 1.899603018763918, \"frozenset({'a5', 'a4'})\": 1.0388006882154268, \"frozenset({'a2', 'a3', 'a1'})\": 2.294556603505139, \"frozenset({'a2', 'a4', 'a1'})\": 1.8866005298625228, \"frozenset({'a2', 'a5', 'a1'})\": 4.432369485342812, \"frozenset({'a3', 'a4', 'a1'})\": 3.7863222037431195, \"frozenset({'a3', 'a5', 'a1'})\": 5.5494165582671435, \"frozenset({'a5', 'a4', 'a1'})\": -0.5885292738480565, \"frozenset({'a2', 'a4', 'a3'})\": 0.3481028172561471, \"frozenset({'a2', 'a5', 'a3'})\": 0.8740193507149319, \"frozenset({'a2', 'a5', 'a4'})\": 8.282018134951592, \"frozenset({'a3', 'a5', 'a4'})\": -2.633841153222712, \"frozenset({'a2', 'a3', 'a4', 'a1'})\": 2.8334757037166414, \"frozenset({'a5', 'a2', 'a3', 'a1'})\": 