{"A": ["a1", "a2", "a3", "a4"], "H": "[{\"frozenset()\": 0.0, \"frozenset({'a1'})\": 1.4866758082797438, \"frozenset({'a2'})\": 1.5772413243206755, \"frozenset({'a3'})\": 1.828329465531801, \"frozenset({'a4'})\": 1.4378190026956426, \"frozenset({'a2', 'a1'})\": 2.032151387369799, \"frozenset({'a3', 'a1'})\": 1.7862105220093025, \"frozenset({'a4', 'a1'})\": -1.516321528178512, \"frozenset({'a2', 'a3'})\": 0.2658582785963264, \"frozenset({'a2', 'a4'})\": 7.037091699518844, \"frozenset({'a3', 'a4'})\": -1.163180297086591, \"frozenset({'a2', 'a3', 'a1'})\": 8.803742900871596, \"frozenset({'a2', 'a4', 'a1'})\": 2.477390494016481, \"frozenset({'a3', 'a4', 'a1'})\": 3.1638537090412924, \"frozenset({'a2', 'a4', 'a3'})\": 4.314679759774062, \"frozenset({'a2', 'a3', 'a4', 'a1'})\": 2.078009812012911}, {\"frozenset()\": 0.0, \"frozenset({'a1'})\": -1.324815584032744, \"frozenset({'a2'})\": 0.7782195180490965, \"frozenset({'a3'})\": 0.43413208927287117, \"frozenset({'a4'})\": -1.3063759686994318, \"frozenset({'a2', 'a1'})\": 7.318521193816368, \"frozenset({'a3', 'a1'})\": 3.1098438295970867, \"frozenset({'a4', 'a1'})\": 3.8571534542943264, \"frozenset({'a2', 'a3'})\": -0.805071553680738, \"frozenset({'a2', 'a4'})\": 1.009816783076185, \"frozenset({'a3', 'a4'})\": 5.8924141806107455, \"frozenset({'a2', 'a3', 'a1'})\": 4.206012550948315, \"frozenset({'a2', 'a4', 'a1'})\": -2.4971780238011725, \"frozenset({'a3', 'a4', 'a1'})\": 0.33443700537756405, \"frozenset({'a2', 'a4', 'a3'})\": 2.916820553753442, \"frozenset({'a2', 'a3', 'a4', 'a1'})\": 4.968725981979522}, {\"frozenset()\": 0.0, \"frozenset({'a1'})\": -0.6134186654534783, \"frozenset({'a2'})\": 0.5202148842061016, \"frozenset({'a3'})\": 1.7160376853835757, \"frozenset({'a4'})\": 1.0386680518582607, \"frozenset({'a2', 'a1'})\": 3.116136462822129, \"frozenset({'a3', 'a1'})\": 1.6927040064758199, \"frozenset({'a4', 'a1'})\": 2.9558434740434465, \"frozenset({'a2', 'a3'})\": 0.759893663101338, \"frozenset({'a2', 'a4'})\": 2.253959759719068, \"frozenset({'a3', 'a4'})\": 0.8023530613722674, \"frozenset({'a2', 'a3', 'a1'})\": 5.020261725955487, \"frozenset({'a2', 'a4', 'a1'})\": 1.35330715936909, \"frozenset({'a3', 'a4', 'a1'})\": 2.8525915550281415, \"frozenset({'a2', 'a4', 'a3'})\": 7.92106894052327, \"frozenset({'a2', 'a3', 'a4', 'a1'})\": 2.6184512113985874}, {\"frozenset()\": 0.0, \"frozenset({'a1'})\": 2.2197859869607557, \"frozenset({'a2'})\": 1.402918084784532, \"frozenset({'a3'})\": 2.6100184650264895, \"frozenset({'a4'})\": 2.0150931361515068, \"frozenset({'a2', 'a1'})\": 2.517199371111989, \"frozenset({'a3', 'a1'})\": 0.629934370317627, \"frozenset({'a4', 'a1'})\": 0.7698371932533261, \"frozenset({'a2', 'a3'})\": 3.376359094920593, \"frozenset({'a2', 'a4'})\": -1.4932216917007555, \"frozenset({'a3', 'a4'})\": -0.2808098712781617, \"frozenset({'a2', 'a3', 'a1'})\": 0.9668621866877651, \"frozenset({'a2', 'a4', 'a1'})\": 3.3379855472405064, \"frozenset({'a3', 'a4', 'a1'})\": 2.1305492683340135, \"frozenset({'a2', 'a4', 'a3'})\": 0.22171961603294799, \"frozenset({'a2', 'a3', 'a4', 'a1'})\": 5.680291187550833}]", "Pi": "[{\"py/tuple\": [{\"py/object\": \"networkx.classes.graph.Graph\", \"graph_attr_dict_factory\": {\"py/type\": \"builtins.dict\"}, \"node_dict_factory\": {\"py/type\": \"builtins.dict\"}, \"node_attr_dict_factory\": {\"py/type\": \"builtins.dict\"}, \"adjlist_outer_dict_factory\": {\"py/type\": \"builtins.dict\"}, \"adjlist_inner_dict_factory\": {\"py/type\": \"builtins.dict\"}, \"edge_attr_dict_factory\": {\"py/type\": \"builtins.dict\"}, \"graph\": {}, \"_node\": {\"a1\": {}, \"a2\": {}, \"a3\": {}, \"a4\": {}}, \"_adj\": {\"a1\": {\"a4\": {}}, \"a2\": {\"a4\": {}}, \"a3\": {\"a4\": {}}, \"a4\": {\"a1\": {\"py/id\": 10}, \"a2\": {\"py/id\": 12}, \"a3\": {\"py/id\": 14}}}}, {\"py/set\": [\"a3\", \"a1\"]}, {\"a3\": 1, \"a1\": 1}, {\"a3\": 0, \"a1\": 0}, 1, 0]}, {\"py/tuple\": [{\"py/object\": \"networkx.classes.graph.Graph\", \"graph_attr_dict_factory\": {\"py/type\": \"builtins.dict\"}, \"node_dict_factory\": {\"py/type\": \"builtins.dict\"}, \"node_attr_dict_factory\": {\"py/type\": \"builtins.dict\"}, \"adjlist_outer_dict_factory\": {\"py/type\": \"builtins.dict\"}, \"adjlist_inner_dict_factory\": {\"py/type\": \"builtins.dict\"}, \"edge_attr_dict_factory\": {\"py/type\": \"builtins.dict\"}, \"graph\": {}, \"_node\": {\"a1\": {}, \"a2\": {}, \"a3\": {}, \"a4\": {}}, \"_adj\": {\"a1\": {\"a3\": {}}, \"a2\": {\"a4\": {}}, \"a3\": {\"a1\": {\"py/id\": 27}}, \"a4\": {\"a2\": {\"py/id\": 29}}}}, {\"py/set\": [\"a2\", \"a3\"]}, {\"a2\": 1, \"a3\": 1}, {\"a2\": 0, \"a3\": 0}, 1, 0]}, {\"py/tuple\": [{\"py/object\": \"networkx.classes.graph.Graph\", \"graph_attr_dict_factory\": {\"py/type\": \"builtins.dict\"}, \"node_dict_factory\": {\"py/type\": \"builtins.dict\"}, \"node_attr_dict_factory\": {\"py/type\": \"builtins.dict\"}, \"adjlist_outer_dict_factory\": {\"py/type\": \"builtins.dict\"}, \"adjlist_inner_dict_factory\": {\"py/type\": \"builtins.dict\"}, \"edge_attr_dict_factory\": {\"py/type\": \"builtins.dict\"}, \"graph\": {}, \"_node\": {\"a1\": {}, \"a2\": {}, \"a3\": {}, \"a4\": {}}, \"_adj\": {\"a1\": {\"a4\": {}}, \"a2\": {\"a4\": {}}, \"a3\": {\"a4\": {}}, \"a4\": {\"a1\": {\"py/id\": 43}, \"a2\": {\"py/id\": 45}, \"a3\": {\"py/id\": 47}}}}, {\"py/set\": []}, {}, {}, 1, 0]}, {\"py/tuple\": [{\"py/object\": \"networkx.classes.graph.Graph\", \"graph_attr_dict_factory\": {\"py/type\": \"builtins.dict\"}, \"node_dict_factory\": {\"py/type\": \"builtins.dict\"}, \"node_attr_dict_factory\": {\"py/type\": \"builtins.dict\"}, \"adjlist_outer_dict_factory\": {\"py/type\": \"builtins.dict\"}, \"adjlist_inner_dict_factory\": {\"py/type\": \"builtins.dict\"}, \"edge_attr_dict_factory\": {\"py/type\": \"builtins.dict\"}, \"graph\": {}, \"_node\": {\"a1\": {}, \"a2\": {}, \"a3\": {}, \"a4\": {}}, \"_adj\": {\"a1\": {\"a3\": {}}, \"a2\": {\"a3\": {}, \"a4\": {}}, \"a3\": {\"a1\": {\"py/id\": 60}, \"a2\": {\"py/id\": 62}, \"a4\": {}}, \"a4\": {\"a2\": {\"py/id\": 63}, \"a3\": {\"py/id\": 65}}}}, {\"py/set\": []}, {}, {}, 1, 0]}]"}