{"A": ["a1", "a2", "a3", "a4"], "H": "[{\"frozenset()\": 0.0, \"frozenset({'a1'})\": 1.3291931691195824, \"frozenset({'a2'})\": 0.9444462892078105, \"frozenset({'a3'})\": 0.8644795785055618, \"frozenset({'a4'})\": 0.885263705430291, \"frozenset({'a2', 'a1'})\": 1.3617088642453865, \"frozenset({'a3', 'a1'})\": 2.706354421696977, \"frozenset({'a4', 'a1'})\": -0.8304889290182569, \"frozenset({'a2', 'a3'})\": -3.530250885963807, \"frozenset({'a2', 'a4'})\": 5.418965582359759, \"frozenset({'a3', 'a4'})\": 0.23522445076729603, \"frozenset({'a2', 'a3', 'a1'})\": 0.5186998711082933, \"frozenset({'a2', 'a4', 'a1'})\": 1.757477882806769, \"frozenset({'a3', 'a4', 'a1'})\": 4.931793604880228, \"frozenset({'a2', 'a4', 'a3'})\": -0.9300988801374541, \"frozenset({'a2', 'a3', 'a4', 'a1'})\": 1.8959595783517598}, {\"frozenset()\": 0.0, \"frozenset({'a1'})\": 2.543835670151582, \"frozenset({'a2'})\": -0.8332535673547363, \"frozenset({'a3'})\": 1.408343870945813, \"frozenset({'a4'})\": 1.0383175955141264, \"frozenset({'a2', 'a1'})\": 2.5516613206715686, \"frozenset({'a3', 'a1'})\": 4.068078030411996, \"frozenset({'a4', 'a1'})\": 3.9331429478791016, \"frozenset({'a2', 'a3'})\": 2.477396655053794, \"frozenset({'a2', 'a4'})\": 1.8507512865503986, \"frozenset({'a3', 'a4'})\": -0.7078722094830927, \"frozenset({'a2', 'a3', 'a1'})\": 0.5422135667296102, \"frozenset({'a2', 'a4', 'a1'})\": 6.175061818922304, \"frozenset({'a3', 'a4', 'a1'})\": -0.6149868473687481, \"frozenset({'a2', 'a4', 'a3'})\": 6.244080100381951, \"frozenset({'a2', 'a3', 'a4', 'a1'})\": 0.7306512427596146}, {\"frozenset()\": 0.0, \"frozenset({'a1'})\": 0.5633735026645832, \"frozenset({'a2'})\": 2.2747815006484404, \"frozenset({'a3'})\": 0.4053960199623794, \"frozenset({'a4'})\": 1.0306740621920152, \"frozenset({'a2', 'a1'})\": 0.581583298223104, \"frozenset({'a3', 'a1'})\": -0.07915534724715245, \"frozenset({'a4', 'a1'})\": 4.158191475780331, \"frozenset({'a2', 'a3'})\": 0.2622871993324387, \"frozenset({'a2', 'a4'})\": 2.60394042619572, \"frozenset({'a3', 'a4'})\": -0.8279393312231411, \"frozenset({'a2', 'a3', 'a1'})\": 5.90324814866121, \"frozenset({'a2', 'a4', 'a1'})\": 5.470012877775288, \"frozenset({'a3', 'a4', 'a1'})\": 2.930080566009468, \"frozenset({'a2', 'a4', 'a3'})\": 3.85795135115531, \"frozenset({'a2', 'a3', 'a4', 'a1'})\": -0.4251735423234493}, {\"frozenset()\": 0.0, \"frozenset({'a1'})\": 1.2081970267194695, \"frozenset({'a2'})\": 0.825352865628688, \"frozenset({'a3'})\": 0.43877109014411597, \"frozenset({'a4'})\": 1.033080268105547, \"frozenset({'a2', 'a1'})\": 1.9589694220753844, \"frozenset({'a3', 'a1'})\": 2.3297156981509173, \"frozenset({'a4', 'a1'})\": 4.959268615874157, \"frozenset({'a2', 'a3'})\": -0.1908280051792306, \"frozenset({'a2', 'a4'})\": 0.18192683738051585, \"frozenset({'a3', 'a4'})\": 4.756261265074555, \"frozenset({'a2', 'a3', 'a1'})\": 5.434866251231686, \"frozenset({'a2', 'a4', 'a1'})\": 2.6541439973785828, \"frozenset({'a3', 'a4', 'a1'})\": 4.836346597838244, \"frozenset({'a2', 'a4', 'a3'})\": 6.683523783153098, \"frozenset({'a2', 'a3', 'a4', 'a1'})\": -3.290358455051723}, {\"frozenset()\": 0.0, \"frozenset({'a1'})\": -0.31466065887810646, \"frozenset({'a2'})\": 0.8434984942236552, \"frozenset({'a3'})\": -0.43147380698629534, \"frozenset({'a4'})\": 3.00996909272758, \"frozenset({'a2', 'a1'})\": 1.155433419323113, \"frozenset({'a3', 'a1'})\": 4.915782886570069, \"frozenset({'a4', 'a1'})\": -0.394710758884548, \"frozenset({'a2', 'a3'})\": 2.025523039322674, \"frozenset({'a2', 'a4'})\": 1.5151793185302365, \"frozenset({'a3', 'a4'})\": 0.3534878025397783, \"frozenset({'a2', 'a3', 'a1'})\": 0.4270557498200387, \"frozenset({'a2', 'a4', 'a1'})\": -0.25868067540964157, \"frozenset({'a3', 'a4', 'a1'})\": 1.3956081541385563, \"frozenset({'a2', 'a4', 'a3'})\": -1.5013390333642258, \"frozenset({'a2', 'a3', 'a4', 'a1'})\": 9.219099855605595}, {\"frozenset()\": 0.0, \"frozenset({'a1'})\": 0.2589995027043557, \"frozenset({'a2'})\": 0.6794974461088054, \"frozenset({'a3'})\": -0.5202870386822731, \"frozenset({'a4'})\": 1.1014053946345161, \"frozenset({'a2', 'a1'})\": 5.196944826425964, \"frozenset({'a3', 'a1'})\": 3.5993966915212856, \"frozenset({'a4', 'a1'})\": 1.235380005933734, \"frozenset({'a2', 'a3'})\": 3.3953023135639846, \"frozenset({'a2', 'a4'})\": 2.504270629787265, \"frozenset({'a3', 'a4'})\": -0.0003048380777679327, \"frozenset({'a2', 'a3', 'a1'})\": 3.2168143099465834, \"frozenset({'a2', 'a4', 'a1'})\": 6.178040023823733, \"frozenset({'a3', 'a4', 'a1'})\": 7.278066790963459, \"frozenset({'a2', 'a4', 'a3'})\": 6.188262187777031, \"frozenset({'a2', 'a3', 'a4', 'a1'})\": 6.133168613778304}, {\"frozenset()\": 0.0, \"frozenset({'a1'})\": 2.213497425122195, \"frozenset({'a2'})\": 2.3702784692739574, \"frozenset({'a3'})\": -0.05112884147458474, \"frozenset({'a4'})\": -0.43260583326700996, \"frozenset({'a2', 'a1'})\": 0.6565635410574351, \"frozenset({'a3', 'a1'})\": -0.32014695652283987, \"frozenset({'a4', 'a1'})\": -0.6982459996588548, \"frozenset({'a2', 'a3'})\": -0.6248345869556746, \"frozenset({'a2', 'a4'})\": -3.5366332812446117, \"frozenset({'a3', 'a4'})\": 0.0951813238264847, \"frozenset({'a2', 'a3', 'a1'})\": 6.916418110324055, \"frozenset({'a2', 'a4', 'a1'})\": 5.376025990605136, \"frozenset({'a3', 'a4', 'a1'})\": 5.493677453638757, \"frozenset({'a2', 'a4', 'a3'})\": 1.8385525092795527, \"frozenset({'a2', 'a3', 'a4', 'a1'})\": 1.4615861816020579}, {\"frozenset()\": 0.0, \"frozenset({'a1'})\": 1.7892447631892012, \"frozenset({'a2'})\": 0.35456313610202206, \"frozenset({'a3'})\": 1.5930733538029365, \"frozenset({'a4'})\": 0.5239754646447474, \"frozenset({'a2', 'a1'})\": 3.4182367791341264, \"frozenset({'a3', 'a1'})\": 3.8173345470031563, \"frozenset({'a4', 'a1'})\": 1.5490184988239644, \"frozenset({'a2', 'a3'})\": 1.8899620601808615, \"frozenset({'a2', 'a4'})\": 1.7988581291460983, \"frozenset({'a3', 'a4'})\": 1.2419780748292482, \"frozenset({'a2', 'a3', 'a1'})\": 5.942136811698051, \"frozenset({'a2', 'a4', 'a1'})\": 2.7830698835571805, \"frozenset({'a3', 'a4', 'a1'})\": 4.68590365463964, \"frozenset({'a2', 'a4', 'a3'})\": 1.7670058920913343, \"frozenset({'a2', 'a3', 'a4', 'a1'})\": 9.809927809918968}]",