{"A": ["a1", "a2", "a3", "a4"], "H": "[{\"frozenset()\": 0.0, \"frozenset({'a1'})\": 2.4577867346199778, \"frozenset({'a2'})\": -0.17132923034526426, \"frozenset({'a3'})\": -1.2185066366004995, \"frozenset({'a4'})\": -0.3693603507683154, \"frozenset({'a2', 'a1'})\": 3.2355614506114905, \"frozenset({'a3', 'a1'})\": 3.194011788120453, \"frozenset({'a4', 'a1'})\": 3.650795042234925, \"frozenset({'a2', 'a3'})\": 1.1222434549801465, \"frozenset({'a2', 'a4'})\": 7.938838400861005, \"frozenset({'a3', 'a4'})\": 1.203117229195826, \"frozenset({'a2', 'a3', 'a1'})\": 3.1813778929638663, \"frozenset({'a2', 'a4', 'a1'})\": 10.32737654004305, \"frozenset({'a3', 'a4', 'a1'})\": 4.357195931360353, \"frozenset({'a2', 'a4', 'a3'})\": 4.681994144621973, \"frozenset({'a2', 'a3', 'a4', 'a1'})\": 2.145602764268282}, {\"frozenset()\": 0.0, \"frozenset({'a1'})\": 1.4432208483974165, \"frozenset({'a2'})\": 0.9985875757809672, \"frozenset({'a3'})\": 2.047216340673111, \"frozenset({'a4'})\": 0.7807751695240095, \"frozenset({'a2', 'a1'})\": 1.6661839790687474, \"frozenset({'a3', 'a1'})\": 1.4631370972682571, \"frozenset({'a4', 'a1'})\": -0.09723682815529555, \"frozenset({'a2', 'a3'})\": 2.3030817802718184, \"frozenset({'a2', 'a4'})\": -0.9264379936660161, \"frozenset({'a3', 'a4'})\": 1.810148332039799, \"frozenset({'a2', 'a3', 'a1'})\": 5.728128189859862, \"frozenset({'a2', 'a4', 'a1'})\": 1.7919186437590986, \"frozenset({'a3', 'a4', 'a1'})\": 4.9295987600707765, \"frozenset({'a2', 'a4', 'a3'})\": 4.043462765421926, \"frozenset({'a2', 'a3', 'a4', 'a1'})\": -2.9057655816295007}, {\"frozenset()\": 0.0, \"frozenset({'a1'})\": 0.4100570916190197, \"frozenset({'a2'})\": 0.30970541082985314, \"frozenset({'a3'})\": 0.7024902595537941, \"frozenset({'a4'})\": 0.32644748478730246, \"frozenset({'a2', 'a1'})\": 0.1738284221039943, \"frozenset({'a3', 'a1'})\": -1.1331449337368809, \"frozenset({'a4', 'a1'})\": 4.713867123963401, \"frozenset({'a2', 'a3'})\": -1.6044784741024074, \"frozenset({'a2', 'a4'})\": 4.146359101718596, \"frozenset({'a3', 'a4'})\": 4.94196032746218, \"frozenset({'a2', 'a3', 'a1'})\": 8.488220848611961, \"frozenset({'a2', 'a4', 'a1'})\": -0.18533575666095192, \"frozenset({'a3', 'a4', 'a1'})\": -4.053156945984259, \"frozenset({'a2', 'a4', 'a3'})\": -2.7064806270158064, \"frozenset({'a2', 'a3', 'a4', 'a1'})\": 6.38979629683231}]", "Pi": "[{\"py/tuple\": [{\"py/object\": \"networkx.classes.graph.Graph\", \"graph_attr_dict_factory\": {\"py/type\": \"builtins.dict\"}, \"node_dict_factory\": {\"py/type\": \"builtins.dict\"}, \"node_attr_dict_factory\": {\"py/type\": \"builtins.dict\"}, \"adjlist_outer_dict_factory\": {\"py/type\": \"builtins.dict\"}, \"adjlist_inner_dict_factory\": {\"py/type\": \"builtins.dict\"}, \"edge_attr_dict_factory\": {\"py/type\": \"builtins.dict\"}, \"graph\": {}, \"_node\": {\"a1\": {}, \"a2\": {}, \"a3\": {}, \"a4\": {}}, \"_adj\": {\"a1\": {\"a4\": {}}, \"a2\": {\"a3\": {}, \"a4\": {}}, \"a3\": {\"a2\": {\"py/id\": 12}, \"a4\": {}}, \"a4\": {\"a1\": {\"py/id\": 10}, \"a2\": {\"py/id\": 13}, \"a3\": {\"py/id\": 15}}}}, {\"py/set\": [\"a3\", \"a2\"]}, {\"a3\": 1, \"a2\": 1}, {\"a3\": 0, \"a2\": 0}, 1, 0]}, {\"py/tuple\": [{\"py/object\": \"networkx.classes.graph.Graph\", \"graph_attr_dict_factory\": {\"py/type\": \"builtins.dict\"}, \"node_dict_factory\": {\"py/type\": \"builtins.dict\"}, \"node_attr_dict_factory\": {\"py/type\": \"builtins.dict\"}, \"adjlist_outer_dict_factory\": {\"py/type\": \"builtins.dict\"}, \"adjlist_inner_dict_factory\": {\"py/type\": \"builtins.dict\"}, \"edge_attr_dict_factory\": {\"py/type\": \"builtins.dict\"}, \"graph\": {}, \"_node\": {\"a1\": {}, \"a2\": {}, \"a3\": {}, \"a4\": {}}, \"_adj\": {\"a1\": {\"a3\": {}, \"a4\": {}}, \"a2\": {\"a3\": {}}, \"a3\": {\"a1\": {\"py/id\": 28}, \"a2\": {\"py/id\": 31}, \"a4\": {}}, \"a4\": {\"a1\": {\"py/id\": 29}, \"a3\": {\"py/id\": 33}}}}, {\"py/set\": [\"a1\"]}, {\"a1\": 1}, {\"a1\": 0}, 1, 0]}, {\"py/tuple\": [{\"py/object\": \"networkx.classes.graph.Graph\", \"graph_attr_dict_factory\": {\"py/type\": \"builtins.dict\"}, \"node_dict_factory\": {\"py/type\": \"builtins.dict\"}, \"node_attr_dict_factory\": {\"py/type\": \"builtins.dict\"}, \"adjlist_outer_dict_factory\": {\"py/type\": \"builtins.dict\"}, \"adjlist_inner_dict_factory\": {\"py/type\": \"builtins.dict\"}, \"edge_attr_dict_factory\": {\"py/type\": \"builtins.dict\"}, \"graph\": {}, \"_node\": {\"a1\": {}, \"a2\": {}, \"a3\": {}, \"a4\": {}}, \"_adj\": {\"a1\": {\"a3\": {}}, \"a2\": {\"a4\": {}}, \"a3\": {\"a1\": {\"py/id\": 46}, \"a4\": {}}, \"a4\": {\"a2\": {\"py/id\": 48}, \"a3\": {\"py/id\": 50}}}}, {\"py/set\": [\"a3\", \"a4\"]}, {\"a3\": 1, \"a4\": 1}, {\"a3\": 0, \"a4\": 0}, 1, 0]}]"}