{"A": ["a1", "a2", "a3", "a4", "a5"], "H": "[{\"frozenset()\": 0.0, \"frozenset({'a1'})\": -0.18132236310085714, \"frozenset({'a2'})\": 0.7715507105903395, \"frozenset({'a3'})\": -0.3331240298566147, \"frozenset({'a4'})\": 0.19271798388822603, \"frozenset({'a5'})\": 1.3071146019497517, \"frozenset({'a2', 'a1'})\": 0.18416620986090493, \"frozenset({'a3', 'a1'})\": 1.1459815939900087, \"frozenset({'a4', 'a1'})\": 0.8245339019873068, \"frozenset({'a5', 'a1'})\": 4.790129473481823, \"frozenset({'a2', 'a3'})\": 4.453267377007242, \"frozenset({'a2', 'a4'})\": 1.8012198725756705, \"frozenset({'a2', 'a5'})\": 5.187545609194368, \"frozenset({'a3', 'a4'})\": 3.31661359218747, \"frozenset({'a3', 'a5'})\": 2.577314044998439, \"frozenset({'a5', 'a4'})\": 2.560689913092604, \"frozenset({'a2', 'a3', 'a1'})\": -0.8398974817048677, \"frozenset({'a2', 'a4', 'a1'})\": 0.6002417335396961, \"frozenset({'a2', 'a5', 'a1'})\": 4.9317278258783634, \"frozenset({'a3', 'a4', 'a1'})\": -0.4668823350842177, \"frozenset({'a3', 'a5', 'a1'})\": 11.483430391577663, \"frozenset({'a5', 'a4', 'a1'})\": 1.4578759008281734, \"frozenset({'a2', 'a4', 'a3'})\": 1.6558720535731477, \"frozenset({'a2', 'a5', 'a3'})\": -1.4238189026296677, \"frozenset({'a2', 'a5', 'a4'})\": 2.600220939112617, \"frozenset({'a3', 'a5', 'a4'})\": 0.6093369965236564, \"frozenset({'a2', 'a3', 'a4', 'a1'})\": 7.3973278295426805, \"frozenset({'a5', 'a2', 'a3', 'a1'})\": 3.100082498651366, \"frozenset({'a2', 'a5', 'a4', 'a1'})\": 0.3126281596988454, \"frozenset({'a3', 'a5', 'a4', 'a1'})\": 3.1330121407499854, \"frozenset({'a2', 'a5', 'a4', 'a3'})\": 9.91388046843289, \"frozenset({'a5', 'a4', 'a3', 'a2', 'a1'})\": 13.29045553021237}, {\"frozenset()\": 0.0, \"frozenset({'a1'})\": 1.8098059948330532, \"frozenset({'a2'})\": 1.0861059081309832, \"frozenset({'a3'})\": 0.37453752278242236, \"frozenset({'a4'})\": 0.9888321775916736, \"frozenset({'a5'})\": 1.9289828346406845, \"frozenset({'a2', 'a1'})\": -1.577529800540666, \"frozenset({'a3', 'a1'})\": 1.252537973416736, \"frozenset({'a4', 'a1'})\": 1.3629010947795521, \"frozenset({'a5', 'a1'})\": 2.3431461874126134, \"frozenset({'a2', 'a3'})\": 0.944471933267198, \"frozenset({'a2', 'a4'})\": -1.3565110838313967, \"frozenset({'a2', 'a5'})\": 3.1859892826309046, \"frozenset({'a3', 'a4'})\": 3.340328816853021, \"frozenset({'a3', 'a5'})\": 2.2132703125857076, \"frozenset({'a5', 'a4'})\": 2.859113717191151, \"frozenset({'a2', 'a3', 'a1'})\": 2.9123523481046125, \"frozenset({'a2', 'a4', 'a1'})\": 2.1630938197310754, \"frozenset({'a2', 'a5', 'a1'})\": 3.085049981063248, \"frozenset({'a3', 'a4', 'a1'})\": 2.684502637923199, \"frozenset({'a3', 'a5', 'a1'})\": 2.3625573406900955, \"frozenset({'a5', 'a4', 'a1'})\": 1.297191360388668, \"frozenset({'a2', 'a4', 'a3'})\": 4.493524622124136, \"frozenset({'a2', 'a5', 'a3'})\": -2.876867518141644, \"frozenset({'a2', 'a5', 'a4'})\": 0.4743533656359995, \"frozenset({'a3', 'a5', 'a4'})\": 2.0084886890794182, \"frozenset({'a2', 'a3', 'a4', 'a1'})\": 4.16964430484763, \"frozenset({'a5', 'a2', 'a3', 'a1'})\": 7.95612267944916, \"frozenset({'a2', 'a5', 'a4', 'a1'})\": 1.928260325315431, \"frozenset({'a3', 'a5', 'a4', 'a1'})\": -1.6632052357989595, \"frozenset({'a2', 'a5', 'a4', 'a3'})\": 2.114349582147687, \"frozenset({'a5', 'a4', 'a3', 'a2', 'a1'})\": 10.313591342883417}, {\"frozenset()\": 0.0, \"frozenset({'a1'})\": 2.1807086165030247, \"frozenset({'a2'})\": 1.297174171117548, \"frozenset({'a3'})\": 1.488756138829016, \"frozenset({'a4'})\": 0.4399444081991758, \"frozenset({'a5'})\": 0.3225081048439551, \"frozenset({'a2', 'a1'})\": 6.563081903967338, \"frozenset({'a3', 'a1'})\": 4.090279267694413, \"frozenset({'a4', 'a1'})\": -0.21725820337019552, \"frozenset({'a5', 'a1'})\": 0.0180862918152771, \"frozenset({'a2', 'a3'})\": 2.988622931986975, \"frozenset({'a2', 'a4'})\": 1.6058127436675904, \"frozenset({'a2', 'a5'})\": 2.668504011775213, \"frozenset({'a3', 'a4'})\": 4.419590667553589, \"frozenset({'a3', 'a5'})\": 3.0040899996173582, \"frozenset({'a5', 'a4'})\": -1.8157108496683643, \"frozenset({'a2', 'a3', 'a1'})\": 0.9788066235447603, \"frozenset({'a2', 'a4', 'a1'})\": 3.692552571427124, \"frozenset({'a2', 'a5', 'a1'})\": 4.171494526267288, \"frozenset({'a3', 'a4', 'a1'})\": -0.2467771968896728, \"frozenset({'a3', 'a5', 'a1'})\": 4.319457105531189, \"frozenset({'a5', 'a4', 'a1'})\": 0.7257499262966531, \"frozenset({'a2', 'a4', 'a3'})\": 0.42516820208183503, \"frozenset({'a2', 'a5', 'a3'})\": 3.827196997734862, \"frozenset({'a2', 'a5', 'a4'})\": 0.1445849416241085, \"frozenset({'a3', 'a5', 'a4'})\": 8.56846802618912, \"frozenset({'a2', 'a3', 'a4', 'a1'})\": 9.296867666508824, \"frozenset({'a5', 'a2', 'a3', 'a1'})\": 4.205378750826392, \"frozenset({'a2', 'a5', 'a4', 'a1'})\": 7.836684705765182, \"frozenset({'a3', 'a5', 'a4', 'a1'})\": 5.4078233731406105, \"frozenset({'a2', 'a5', 'a4', 'a3'})\": -2.17414617985807, \"frozenset({'a5', 'a4', 'a3', 'a2', 'a1'})\": 14.964719748395396}]", "Pi": "[{\"py/tuple\": [{\"py/object\": \"networkx.classes.graph.Graph\", \"graph_attr_dict_factory\": {\"py/type\": \"builtins.dict\"}, \"node_dict_factory\": {\"py/type\": \"builtins.dict\"}, \"node_attr_dict_factory\": {\"py/type\": \"builtins.dict\"}, \"adjlist_outer_dict_factory\": {\"py/type\": \"builtins.dict\"}, \"adjlist_inner_dict_factory\": {\"py/type\": \"builtins.dict\"}, \"edge_attr_dict_factory\": {\"py/type\": \"builtins.dict\"}, \"graph\": {}, \"_node\": {\"a1\": {}, \"a2\": {}, \"a3\": {}, \"a4\": {}, \"a5\": {}}, \"_adj\": {\"a1\": {\"a2\": {}, \"a3\": {}, \"a4\": {}, \"a5\": {}}, \"a2\": {\"a1\": {\"py/id\": 11}, \"a3\": {}, \"a4\": {}}, \"a3\": {\"a1\": {\"py/id\": 12}, \"a2\": {\"py/id\": 16}, \"a4\": {}, \"a5\": {}}, \"a4\": {\"a1\": {\"py/id\": 13}, \"a2\": {\"py/id\": 17}, \"a3\": {\"py/id\": 19}}, \"a5\": {\"a1\": {\"py/id\": 14}, \"a3\": {\"py/id\": 20}}}}, {\"py/set\": []}, {}, {}, 1, 0]}, {\"py/tuple\": [{\"py/object\": \"networkx.classes.graph.Graph\", \"graph_attr_dict_factory\": {\"py/type\": \"builtins.dict\"}, \"node_dict_factory\": {\"py/type\": \"builtins.dict\"}, \"node_attr_dict_factory\": {\"py/type\": \"builtins.dict\"}, \"adjlist_outer_dict_factory\": {\"py/type\": \"builtins.dict\"}, \"adjlist_inner_dict_factory\": {\"py/type\": \"builtins.dict\"}, \"edge_attr_dict_factory\": {\"py/type\": \"builtins.dict\"}, \"graph\": {}, \"_node\": {\"a1\": {}, \"a2\": {}, \"a3\": {}, \"a4\": {}, \"a5\": {}}, \"_adj\": {\"a1\": {\"a3\": {}}, \"a2\": {\"a3\": {}, \"a4\": {}}, \"a3\": {\"a1\": {\"py/id\": 35}, \"a2\": {\"py/id\": 37}, \"a4\": {}}, \"a4\": {\"a2\": {\"py/id\": 38}, \"a3\": {\"py/id\": 40}, \"a5\": {}}, \"a5\": {\"a4\": {\"py/id\": 42}}}}, {\"py/set\": []}, {}, {}, 1, 0]}, {\"py/tuple\": [{\"py/object\": \"networkx.classes.graph.Graph\", \"graph_attr_dict_factory\": {\"py/type\": \"builtins.dict\"}, \"node_dict_factory\": {\"py/type\": \"builtins.dict\"}, \"node_attr_dict_factory\": {\"py/type\": \"builtins.dict\"}, \"adjlist_outer_dict_factory\": {\"py/type\": \"builtins.dict\"}, \"adjlist_inner_dict_factory\": {\"py/type\": \"builtins.dict\"}, \"edge_attr_dict_factory\": {\"py/type\": \"builtins.dict\"}, \"graph\": {}, \"_node\": {\"a1\": {}, \"a2\": {}, \"a3\": {}, \"a4\": {}, \"a5\": {}}, \"_adj\": {\"a1\": {\"a2\": {}, \"a3\": {}, \"a4\": {}}, \"a2\": {\"a1\": {\"py/id\": 56}, \"a4\": {}}, \"a3\": {\"a1\": {\"py/id\": 57}, \"a4\": {}}, \"a4\": {\"a1\": {\"py/id\": 58}, \"a2\": {\"py/id\": 60}, \"a3\": {\"py/id\": 62}, \"a5\": {}}, \"a5\": {\"a4\": {\"py/id\": 64}}}}, {\"py/set\": [\"a5\", \"a4\"]}, {\"a5\": 1, \"a4\": 1}, {\"a5\": 0, \"a4\": 0}, 1, 0]}]"}