{"A": ["a1", "a2", "a3", "a4", "a5"], "H": "[{\"frozenset()\": 0.0, \"frozenset({'a1'})\": 0.7889655699021385, \"frozenset({'a2'})\": 2.2786751605974516, \"frozenset({'a3'})\": 1.3574007341393735, \"frozenset({'a4'})\": 0.9087900644828133, \"frozenset({'a5'})\": 0.4756814433901855, \"frozenset({'a2', 'a1'})\": 3.6883842540626723, \"frozenset({'a3', 'a1'})\": 2.956422465507321, \"frozenset({'a4', 'a1'})\": 3.712003420854926, \"frozenset({'a5', 'a1'})\": 2.5616891476076815, \"frozenset({'a2', 'a3'})\": 3.9000615373952296, \"frozenset({'a2', 'a4'})\": 1.5888307345284183, \"frozenset({'a2', 'a5'})\": 2.3797139485353447, \"frozenset({'a3', 'a4'})\": 1.0753698862819758, \"frozenset({'a3', 'a5'})\": 4.13528945636697, \"frozenset({'a5', 'a4'})\": 2.3745634757217564, \"frozenset({'a2', 'a3', 'a1'})\": 5.2583835976691, \"frozenset({'a2', 'a4', 'a1'})\": 3.07461329460371, \"frozenset({'a2', 'a5', 'a1'})\": -1.0987077902184001, \"frozenset({'a3', 'a4', 'a1'})\": 2.6792153182926244, \"frozenset({'a3', 'a5', 'a1'})\": 2.7949186625996085, \"frozenset({'a5', 'a4', 'a1'})\": 0.1602786386792978, \"frozenset({'a2', 'a4', 'a3'})\": 2.141725705797042, \"frozenset({'a2', 'a5', 'a3'})\": 7.105511035713097, \"frozenset({'a2', 'a5', 'a4'})\": 4.748492317835209, \"frozenset({'a3', 'a5', 'a4'})\": 3.2029084365898948, \"frozenset({'a2', 'a3', 'a4', 'a1'})\": 2.8590470844766918, \"frozenset({'a5', 'a2', 'a3', 'a1'})\": 3.3786595105449626, \"frozenset({'a2', 'a5', 'a4', 'a1'})\": 4.1785884373771, \"frozenset({'a3', 'a5', 'a4', 'a1'})\": -0.4002581940781802, \"frozenset({'a2', 'a5', 'a4', 'a3'})\": 5.292509400525433, \"frozenset({'a5', 'a4', 'a3', 'a2', 'a1'})\": 14.864166156570459}, {\"frozenset()\": 0.0, \"frozenset({'a1'})\": 2.817012461266838, \"frozenset({'a2'})\": -0.2899759620644453, \"frozenset({'a3'})\": 1.4244093315706905, \"frozenset({'a4'})\": 2.3811566179371777, \"frozenset({'a5'})\": 3.5138982523611273, \"frozenset({'a2', 'a1'})\": 2.970055067896348, \"frozenset({'a3', 'a1'})\": 3.281514352372473, \"frozenset({'a4', 'a1'})\": 0.7956761697024088, \"frozenset({'a5', 'a1'})\": 4.185264786908293, \"frozenset({'a2', 'a3'})\": 2.507740412109566, \"frozenset({'a2', 'a4'})\": 2.6193875623613154, \"frozenset({'a2', 'a5'})\": 2.9951244429690997, \"frozenset({'a3', 'a4'})\": -2.955973297012373, \"frozenset({'a3', 'a5'})\": 0.058951762165501576, \"frozenset({'a5', 'a4'})\": 3.2507004193345668, \"frozenset({'a2', 'a3', 'a1'})\": 2.799162775482466, \"frozenset({'a2', 'a4', 'a1'})\": 4.448832580496607, \"frozenset({'a2', 'a5', 'a1'})\": -0.056329906227314375, \"frozenset({'a3', 'a4', 'a1'})\": -0.02592031666630179, \"frozenset({'a3', 'a5', 'a1'})\": 5.474133836680278, \"frozenset({'a5', 'a4', 'a1'})\": 5.544291929069425, \"frozenset({'a2', 'a4', 'a3'})\": -0.07936118675200099, \"frozenset({'a2', 'a5', 'a3'})\": 2.6146899272016184, \"frozenset({'a2', 'a5', 'a4'})\": 2.385386160642922, \"frozenset({'a3', 'a5', 'a4'})\": 2.7135974584496596, \"frozenset({'a2', 'a3', 'a4', 'a1'})\": 2.2481194714624473, \"frozenset({'a5', 'a2', 'a3', 'a1'})\": 4.56730763853632, \"frozenset({'a2', 'a5', 'a4', 'a1'})\": 9.952704635318625, \"frozenset({'a3', 'a5', 'a4', 'a1'})\": -0.7396978086117745, \"frozenset({'a2', 'a5', 'a4', 'a3'})\": 8.200024360468097, \"frozenset({'a5', 'a4', 'a3', 'a2', 'a1'})\": 6.644628774749872}, {\"frozenset()\": 0.0, \"frozenset({'a1'})\": 1.6094054403028226, \"frozenset({'a2'})\": 1.008302300656641, \"frozenset({'a3'})\": 1.5999795828753303, \"frozenset({'a4'})\": 0.30009766018554185, \"frozenset({'a5'})\": 0.29144904035402464, \"frozenset({'a2', 'a1'})\": 1.8951474051397015, \"frozenset({'a3', 'a1'})\": 0.688445597099012, \"frozenset({'a4', 'a1'})\": -0.1841606885824496, \"frozenset({'a5', 'a1'})\": 0.7895752943947725, \"frozenset({'a2', 'a3'})\": 1.7225340433822653, \"frozenset({'a2', 'a4'})\": 2.6645181282700907, \"frozenset({'a2', 'a5'})\": -1.9748255906786683, \"frozenset({'a3', 'a4'})\": 5.427706716914379, \"frozenset({'a3', 'a5'})\": 1.159770411341229, \"frozenset({'a5', 'a4'})\": 3.4931229521104514, \"frozenset({'a2', 'a3', 'a1'})\": 3.1205015268411413, \"frozenset({'a2', 'a4', 'a1'})\": 2.9893554392040707, \"frozenset({'a2', 'a5', 'a1'})\": 4.643823912039316, \"frozenset({'a3', 'a4', 'a1'})\": 1.6731835177976255, \"frozenset({'a3', 'a5', 'a1'})\": 3.2563562642389963, \"frozenset({'a5', 'a4', 'a1'})\": -0.8435191901136059, \"frozenset({'a2', 'a4', 'a3'})\": 9.111284227183532, \"frozenset({'a2', 'a5', 'a3'})\": 0.7683233662235667, \"frozenset({'a2', 'a5', 'a4'})\": 0.48374892584051743, \"frozenset({'a3', 'a5', 'a4'})\": 3.3628642011992538, \"frozenset({'a2', 'a3', 'a4', 'a1'})\": 5.201551248416355, \"frozenset({'a5', 'a2', 'a3', 'a1'})\": 3.044961721947729, \"frozenset({'a2', 'a5', 'a4', 'a1'})\": -4.661033375021187, \"frozenset({'a3', 'a5', 'a4', 'a1'})\": 0.8580618292866302, \"frozenset({'a2', 'a5', 'a4', 'a3'})\": 2.2823535771193084, \"frozenset({'a5', 'a4', 'a3', 'a2', 'a1'})\": 2.5808501852481043}, {\"frozenset()\": 0.0, \"frozenset({'a1'})\": 1.3168959121749606, \"frozenset({'a2'})\": 0.24321650810296191, \"frozenset({'a3'})\": 0.8967061025312687, \"frozenset({'a4'})\": 1.807387529423972, \"frozenset({'a5'})\": 1.0944962360236752, \"frozenset({'a2', 'a1'})\": 2.707577985967487, \"frozenset({'a3', 'a1'})\": 2.752903619342566, \"frozenset({'a4', 'a1'})\": 3.2458948087785267, \"frozenset({'a5', 'a1'})\": -1.9977132504754227, \"frozenset({'a2', 'a3'})\": -1.4933626698456144, \"frozenset({'a2', 'a4'})\": 4.983809444667683, \"frozenset({'a2', 'a5'})\": 2.4329945149097743, \"frozenset({'a3', 'a4'})\": 1.0244840204891292, \"frozenset({'a3', 'a5'})\": 5.214413580333352, \"frozenset({'a5', 'a4'})\": 3.641742901381798, \"frozenset({'a2', 'a3', 'a1'})\": -0.059224838068665964, \"frozenset({'a2', 'a4', 'a1'})\": 2.029264330938201, \"frozenset({'a2', 'a5', 'a1'})\": 6.273539796876521, \"frozenset({'a3', 'a4', 'a1'})\": 4.141371714336313, \"frozenset({'a3', 'a5', 'a1'})\": 3.5273104004098634, \"frozenset({'a5', 'a4', 'a1'})\": 0.6798234039314934, \"frozenset({'a2', 'a4', 'a3'})\": 0.7484815575701953, \"frozenset({'a2', 'a5', 'a3'})\": 1.7712454403975597, \"frozenset({'a2', 'a5', 'a4'})\": -0.29168529007350363, \"frozenset({'a3', 'a5', 'a4'})\": 0.5460274169706327, \"frozenset({'a2', 'a3', 'a4', 'a1'})\": 3.234874483843879, \"frozenset({'a5', 'a2', 'a3', 'a1'})\": 3.7169490127759954, \"frozenset({'a2', 'a5', 'a4', 'a1'})\": 9.233940336831687, \"frozenset({'a3', 'a5', 'a4', 'a1'})\": 7.792905533203527, \"frozenset({'a2', 'a5', 'a4', 'a3'})\": -0.8305700060948107, \"frozenset({'a5', 'a4', 'a3', 'a2', 'a1'})\": 14.339080839069267}, {\"frozenset()\": 0.0, \"frozenset({'a1'})\": 0.3505010781342157, \"frozenset({'a2'})\": 1.254395698071194, \"frozenset({'a3'})\": 1.4740028491102115, \"frozenset({'a4'})\": 1.360484814430924, \"frozenset({'a5'})\": 0.7755624361558376, \"frozenset({'a2', 'a1'})\": 0.8284079418371078, \"frozenset({'a3', 'a1'})\": 3.8924471434441594, \"frozenset({'a4', 'a1'})\": 2.147224835990889, \"frozenset({'a5', 'a1'})\": 3.2161821952317777, \"frozenset({'a2', 'a3'})\": 8.545058883567108, \"frozenset({'a2', 'a4'})\": 0.6120342243651804, \"frozenset({'a2', 'a5'})\": 2.8372270018878636, \"frozenset({'a3', 'a4'})\": 1.2053243958060817, \"frozenset({'a3', 'a5'})\": 1.762717231813005, \"frozenset({'a5', 'a4'})\": 1.468973533577727, \"frozenset({'a2', 'a3', 'a1'})\": 5.517824442315542, \"frozenset({'a2', 'a4', 'a1'})\": -0.39543807276797605, \"frozenset({'a2', 'a5', 'a1'})\": 3.2569534115912777, \"frozenset({'a3', 'a4', 'a1'})\": -1.098199310688985, \"frozenset({'a3', 'a5', 'a1'})\": 2.3012167931210303, \"frozenset({'a5', 'a4', 'a1'})\": 11.067057357898292, \"frozenset({'a2', 'a4', 'a3'})\": 4.59671754490086, \"frozenset({'a2', 'a5', 'a3'})\": 2.443554773508163, \"frozenset({'a2', 'a5', 'a4'})\": 4.6263203085537565, \"frozenset({'a3', 'a5', 'a4'})\": 5.187758376578887, \"frozenset({'a2', 'a3', 'a4', 'a1'})\": 1.32862000898441, \"frozenset({'a5', 'a2', 'a3', 'a1'})\": 