{"A": ["a1", "a2", "a3", "a4"], "H": "[{\"frozenset()\": 0.0, \"frozenset({'a1'})\": 0.7809774787537243, \"frozenset({'a2'})\": 1.1976579693800278, \"frozenset({'a3'})\": 1.9521074450336235, \"frozenset({'a4'})\": 3.3081365668406453, \"frozenset({'a2', 'a1'})\": 4.83364556890477, \"frozenset({'a3', 'a1'})\": 0.8453998846386792, \"frozenset({'a4', 'a1'})\": -0.7547101969631376, \"frozenset({'a2', 'a3'})\": 5.36218689159592, \"frozenset({'a2', 'a4'})\": -1.5166917732368108, \"frozenset({'a3', 'a4'})\": 5.7159454240581, \"frozenset({'a2', 'a3', 'a1'})\": -0.4742521667307411, \"frozenset({'a2', 'a4', 'a1'})\": -1.573008714026039, \"frozenset({'a3', 'a4', 'a1'})\": 4.624077238995602, \"frozenset({'a2', 'a4', 'a3'})\": 3.1858903947119566, \"frozenset({'a2', 'a3', 'a4', 'a1'})\": 7.401978244394842}, {\"frozenset()\": 0.0, \"frozenset({'a1'})\": 1.5435609274714022, \"frozenset({'a2'})\": 0.8011543449402885, \"frozenset({'a3'})\": 0.1735666704408736, \"frozenset({'a4'})\": 1.5244666868491001, \"frozenset({'a2', 'a1'})\": 2.293963840216867, \"frozenset({'a3', 'a1'})\": -0.12485361779514736, \"frozenset({'a4', 'a1'})\": 2.795510297897343, \"frozenset({'a2', 'a3'})\": 0.06104834520745861, \"frozenset({'a2', 'a4'})\": 1.533925321897436, \"frozenset({'a3', 'a4'})\": 2.7885420572196535, \"frozenset({'a2', 'a3', 'a1'})\": 6.432478386297834, \"frozenset({'a2', 'a4', 'a1'})\": 4.294263397808912, \"frozenset({'a3', 'a4', 'a1'})\": 2.2347166879207463, \"frozenset({'a2', 'a4', 'a3'})\": 2.6476012533839177, \"frozenset({'a2', 'a3', 'a4', 'a1'})\": 4.377674845817345}, {\"frozenset()\": 0.0, \"frozenset({'a1'})\": 1.684367133336035, \"frozenset({'a2'})\": 2.5297510822894775, \"frozenset({'a3'})\": 1.198111153153291, \"frozenset({'a4'})\": 0.43516577028389614, \"frozenset({'a2', 'a1'})\": 0.5763270882070259, \"frozenset({'a3', 'a1'})\": 2.7249635931363865, \"frozenset({'a4', 'a1'})\": 4.680867436673582, \"frozenset({'a2', 'a3'})\": -2.95935072978617, \"frozenset({'a2', 'a4'})\": 1.4261124026054923, \"frozenset({'a3', 'a4'})\": 3.5914147908315215, \"frozenset({'a2', 'a3', 'a1'})\": -1.7317889049305082, \"frozenset({'a2', 'a4', 'a1'})\": 3.466040183769095, \"frozenset({'a3', 'a4', 'a1'})\": 1.066347142485482, \"frozenset({'a2', 'a4', 'a3'})\": 0.27202926211320433, \"frozenset({'a2', 'a3', 'a4', 'a1'})\": 1.964821390819146}, {\"frozenset()\": 0.0, \"frozenset({'a1'})\": 1.2836619698630587, \"frozenset({'a2'})\": 0.7915050617844082, \"frozenset({'a3'})\": 2.2438205989310593, \"frozenset({'a4'})\": 0.6043526172381742, \"frozenset({'a2', 'a1'})\": -2.222372457351982, \"frozenset({'a3', 'a1'})\": 0.11246816164011109, \"frozenset({'a4', 'a1'})\": 5.220611620971283, \"frozenset({'a2', 'a3'})\": 2.3401713269108684, \"frozenset({'a2', 'a4'})\": 0.31824954996987453, \"frozenset({'a3', 'a4'})\": -0.0862561000145381, \"frozenset({'a2', 'a3', 'a1'})\": 2.8768772875127993, \"frozenset({'a2', 'a4', 'a1'})\": 2.7495008368210825, \"frozenset({'a3', 'a4', 'a1'})\": 2.7811401734223486, \"frozenset({'a2', 'a4', 'a3'})\": -0.005925785865229294, \"frozenset({'a2', 'a3', 'a4', 'a1'})\": 5.437927257892017}, {\"frozenset()\": 0.0, \"frozenset({'a1'})\": 1.2972161520845917, \"frozenset({'a2'})\": 0.2511672511941676, \"frozenset({'a3'})\": 1.3384773956545475, \"frozenset({'a4'})\": 0.8778694494537167, \"frozenset({'a2', 'a1'})\": 2.0939614081433326, \"frozenset({'a3', 'a1'})\": 3.120244844129184, \"frozenset({'a4', 'a1'})\": 2.993765186637637, \"frozenset({'a2', 'a3'})\": 2.655558886230575, \"frozenset({'a2', 'a4'})\": 1.6536061125486696, \"frozenset({'a3', 'a4'})\": 0.7289559114623898, \"frozenset({'a2', 'a3', 'a1'})\": 3.4142697153585884, \"frozenset({'a2', 'a4', 'a1'})\": 4.135574568555162, \"frozenset({'a3', 'a4', 'a1'})\": 5.1927322248151615, \"frozenset({'a2', 'a4', 'a3'})\": 3.4143428601096772, \"frozenset({'a2', 'a3', 'a4', 'a1'})\": 10.091527247504573}, {\"frozenset()\": 0.0, \"frozenset({'a1'})\": 0.24927109595282848, \"frozenset({'a2'})\": 1.7398716532558338, \"frozenset({'a3'})\": 0.6894875736332018, \"frozenset({'a4'})\": -0.24085198472673608, \"frozenset({'a2', 'a1'})\": 1.1266692714586883, \"frozenset({'a3', 'a1'})\": 1.5518430076229102, \"frozenset({'a4', 'a1'})\": 2.116881994512351, \"frozenset({'a2', 'a3'})\": 0.02098119230054185, \"frozenset({'a2', 'a4'})\": 3.160719998372744, \"frozenset({'a3', 'a4'})\": -0.35002699033649565, \"frozenset({'a2', 'a3', 'a1'})\": 2.6139319668389334, \"frozenset({'a2', 'a4', 'a1'})\": 3.4748534049962334, \"frozenset({'a3', 'a4', 'a1'})\": 0.3444683328780922, \"frozenset({'a2', 'a4', 'a3'})\": 0.6645296396525415, \"frozenset({'a2', 'a3', 'a4', 'a1'})\": -2.685937696382118}, {\"frozenset()\": 0.0, \"frozenset({'a1'})\": 1.1268066943426582, \"frozenset({'a2'})\": 2.0764974638987432, \"frozenset({'a3'})\": 0.4602377636493975, \"frozenset({'a4'})\": 2.122957927381519, \"frozenset({'a2', 'a1'})\": -0.6195222207501545, \"frozenset({'a3', 'a1'})\": 4.307079880562366, \"frozenset({'a4', 'a1'})\": 4.2984256239958185, \"frozenset({'a2', 'a3'})\": 2.005003518442999, \"frozenset({'a2', 'a4'})\": 5.381078776578758, \"frozenset({'a3', 'a4'})\": 8.130791492301473, \"frozenset({'a2', 'a3', 'a1'})\": 5.723386086481055, \"frozenset({'a2', 'a4', 'a1'})\": 2.46507264801111, \"frozenset({'a3', 'a4', 'a1'})\": 3.7112431740876595, \"frozenset({'a2', 'a4', 'a3'})\": 9.547347594453619, \"frozenset({'a2', 'a3', 'a4', 'a1'})\": 3.596764640208242}, {\"frozenset()\": 0.0, \"frozenset({'a1'})\": 1.1849858482259268, \"frozenset({'a2'})\": 1.693716630419701, \"frozenset({'a3'})\": 0.9491425396486446, \"frozenset({'a4'})\": 1.6300175756736484, \"frozenset({'a2', 'a1'})\": 1.0883033456657298, \"frozenset({'a3', 'a1'})\": 0.30795220254618605, \"frozenset({'a4', 'a1'})\": 2.22157695532386, \"frozenset({'a2', 'a3'})\": 0.2646084932248636, \"frozenset({'a2', 'a4'})\": 2.0150664664070588, \"frozenset({'a3', 'a4'})\": -0.47692404040308123, \"frozenset({'a2', 'a3', 'a1'})\": 2.5944150966113817, \"frozenset({'a2', 'a4', 'a1'})\": 4.1982895706289165, \"frozenset({'a3', 'a4', 'a1'})\": -3.5456154286716544, \"frozenset({'a2', 'a4', 'a3'})\": 3.3094958022845433, \"frozenset({'a2', 'a3', 'a4', 'a1'})\": 1.109638329995854}, {\"frozenset()\": 0.0, \"frozenset({'a1'})\": 2.4802747524684934, \"frozenset({'a2'})\": 1.728776862056185, \"frozenset({'a3'})\": 2.20315845776543, \"frozenset({'a4'})\": 1.526859866013648, \"frozenset({'a2', 'a1'})\": 0.6155157329403722, \"frozenset({'a3', 'a1'})\": 3.2206552864561866, \"frozenset({'a4', 'a1'})\": 2.132839053012042, \"frozenset({'a2', 'a3'})\": -0.17263471518002405, \"frozenset({'a2', 'a4'})\": 0.011955068152732506, \"frozenset({'a3', 'a4'})\": -2.8276216586124487, \"frozenset({'a2', 'a3', 'a1'})\": 2.825853280583709, \"frozenset({'a2', 'a4', 'a1'})\": 5.4867991185382134, \"frozenset({'a3', 'a4', 'a1'})\": 1.3638763953747444, \"frozenset({'a2', 'a4', 'a3'})\": 8.04730368062656, \"frozenset({'a2', 'a3', 'a4', 'a1'})\": 4.476594190346805}, {\"frozenset()\": 0.0, \"frozenset({'a1'})\": 0.9357447741182081, \"frozenset({'a2'})\": 3.0363985380309386, \"frozenset({'a3'})\": 0.6587334032006301, \"frozenset({'a4'})\": 1.6779880857058977, \"frozenset({'a2', 'a1'})\": 3.266990758641099, \"frozenset({'a3', 'a1'})\": -1.5994201171403994, \"frozenset({'a4', 'a1'})\": 2.5637183315499943, \"frozenset({'a2', 'a3'})\": 0.27134620683756827, \"frozenset({'a2', 'a4'})\": 2.5777719320686687, \"frozenset({'a3', 'a4'})\": 0.08717112889125711, \"frozenset({'a2', 'a3', 'a1'})\": 2.970552958781706, \"frozenset({'a2', 'a4', 'a1'})\": 4.032392658310414, \"frozenset({'a3', 'a4', 'a1'})\": 4.288602762276594, \"frozenset({'a2', 'a4', 'a3'})\": -0.30263666353363394, \"frozenset({'a2', 'a3', 'a4', 'a1'})\": 5.321425017825661}]",