{"A": ["a1", "a2", "a3", "a4"], "H": "[{\"frozenset()\": 0.0, \"frozenset({'a1'})\": -1.6920003743377348, \"frozenset({'a2'})\": 0.35564726898068666, \"frozenset({'a3'})\": 1.9162305049918114, \"frozenset({'a4'})\": 1.2283438952331025, \"frozenset({'a2', 'a1'})\": 1.2078385006291474, \"frozenset({'a3', 'a1'})\": 2.0599867421092095, \"frozenset({'a4', 'a1'})\": 1.5813032030501633, \"frozenset({'a2', 'a3'})\": 2.780993673788472, \"frozenset({'a2', 'a4'})\": 3.787873857932494, \"frozenset({'a3', 'a4'})\": 3.1785996238150744, \"frozenset({'a2', 'a3', 'a1'})\": 4.004172923637171, \"frozenset({'a2', 'a4', 'a1'})\": 6.271363470707486, \"frozenset({'a3', 'a4', 'a1'})\": 5.227861212409374, \"frozenset({'a2', 'a4', 'a3'})\": 5.057913345033779, \"frozenset({'a2', 'a3', 'a4', 'a1'})\": -1.5649231780463388}, {\"frozenset()\": 0.0, \"frozenset({'a1'})\": 2.792568117604847, \"frozenset({'a2'})\": 2.8849333247392845, \"frozenset({'a3'})\": 1.8544468984767684, \"frozenset({'a4'})\": 1.3584667710606544, \"frozenset({'a2', 'a1'})\": -0.9221096294893272, \"frozenset({'a3', 'a1'})\": 2.0687804464625392, \"frozenset({'a4', 'a1'})\": 3.4267757926921654, \"frozenset({'a2', 'a3'})\": 3.066457924580668, \"frozenset({'a2', 'a4'})\": 3.05982376972628, \"frozenset({'a3', 'a4'})\": 0.9940188649574286, \"frozenset({'a2', 'a3', 'a1'})\": 0.0995159160157657, \"frozenset({'a2', 'a4', 'a1'})\": 1.4979529510049863, \"frozenset({'a3', 'a4', 'a1'})\": 4.787620993050487, \"frozenset({'a2', 'a4', 'a3'})\": 10.164801311256763, \"frozenset({'a2', 'a3', 'a4', 'a1'})\": 5.873372205031572}, {\"frozenset()\": 0.0, \"frozenset({'a1'})\": 0.6553142026556538, \"frozenset({'a2'})\": 1.5760488587153698, \"frozenset({'a3'})\": 0.3962218192289646, \"frozenset({'a4'})\": 0.7508224245588081, \"frozenset({'a2', 'a1'})\": 0.47444556326104337, \"frozenset({'a3', 'a1'})\": 5.228692837210443, \"frozenset({'a4', 'a1'})\": 2.008096874397506, \"frozenset({'a2', 'a3'})\": 5.835279146331033, \"frozenset({'a2', 'a4'})\": 1.204080324392025, \"frozenset({'a3', 'a4'})\": -0.41329115633651625, \"frozenset({'a2', 'a3', 'a1'})\": 4.403147593760092, \"frozenset({'a2', 'a4', 'a1'})\": 5.562868020441455, \"frozenset({'a3', 'a4', 'a1'})\": 3.29448507754659, \"frozenset({'a2', 'a4', 'a3'})\": -2.6367428346751858, \"frozenset({'a2', 'a3', 'a4', 'a1'})\": -5.331493834915248}, {\"frozenset()\": 0.0, \"frozenset({'a1'})\": -0.6970995128148012, \"frozenset({'a2'})\": 0.6325652621493429, \"frozenset({'a3'})\": 0.6610498061939234, \"frozenset({'a4'})\": 0.24928682494973742, \"frozenset({'a2', 'a1'})\": 0.5841161858903168, \"frozenset({'a3', 'a1'})\": 3.627437827808032, \"frozenset({'a4', 'a1'})\": 6.792575769870058, \"frozenset({'a2', 'a3'})\": 3.7027646866035893, \"frozenset({'a2', 'a4'})\": 1.4057485569077603, \"frozenset({'a3', 'a4'})\": -0.5167495178889387, \"frozenset({'a2', 'a3', 'a1'})\": 5.356220375526259, \"frozenset({'a2', 'a4', 'a1'})\": 5.651329441885927, \"frozenset({'a3', 'a4', 'a1'})\": 4.153896146436361, \"frozenset({'a2', 'a4', 'a3'})\": -1.5560580408791527, \"frozenset({'a2', 'a3', 'a4', 'a1'})\": 7.014149220438178}, {\"frozenset()\": 0.0, \"frozenset({'a1'})\": 1.3235655932112529, \"frozenset({'a2'})\": 0.14531123208691032, \"frozenset({'a3'})\": 0.7969233507276943, \"frozenset({'a4'})\": 1.4989391163970147, \"frozenset({'a2', 'a1'})\": 1.6619615181281384, \"frozenset({'a3', 'a1'})\": 0.30506577423521963, \"frozenset({'a4', 'a1'})\": 6.8016590657366525, \"frozenset({'a2', 'a3'})\": -1.0829789338693856, \"frozenset({'a2', 'a4'})\": 2.0038584723736865, \"frozenset({'a3', 'a4'})\": 0.433528009562145, \"frozenset({'a2', 'a3', 'a1'})\": 1.8741680777566228, \"frozenset({'a2', 'a4', 'a1'})\": 5.683864618052953, \"frozenset({'a3', 'a4', 'a1'})\": 0.3112157636925068, \"frozenset({'a2', 'a4', 'a3'})\": 1.0036276096046821, \"frozenset({'a2', 'a3', 'a4', 'a1'})\": 10.265157497615384}, {\"frozenset()\": 0.0, \"frozenset({'a1'})\": 0.6723122060153948, \"frozenset({'a2'})\": 0.4530460873139136, \"frozenset({'a3'})\": 1.7185038880737848, \"frozenset({'a4'})\": -0.07329169784659229, \"frozenset({'a2', 'a1'})\": 4.186997166787918, \"frozenset({'a3', 'a1'})\": 3.785754531878902, \"frozenset({'a4', 'a1'})\": 4.044575968367226, \"frozenset({'a2', 'a3'})\": 1.0429880775887557, \"frozenset({'a2', 'a4'})\": 2.49940361933796, \"frozenset({'a3', 'a4'})\": 0.4736109231559156, \"frozenset({'a2', 'a3', 'a1'})\": 2.863234358989288, \"frozenset({'a2', 'a4', 'a1'})\": 1.7768201133807178, \"frozenset({'a3', 'a4', 'a1'})\": 1.9160106124007585, \"frozenset({'a2', 'a4', 'a3'})\": 4.832328029113183, \"frozenset({'a2', 'a3', 'a4', 'a1'})\": 5.023642579512915}, {\"frozenset()\": 0.0, \"frozenset({'a1'})\": 0.4096809647931179, \"frozenset({'a2'})\": 0.05770746971701668, \"frozenset({'a3'})\": 2.4907007784822977, \"frozenset({'a4'})\": 1.6517687379423664, \"frozenset({'a2', 'a1'})\": 4.110874420743826, \"frozenset({'a3', 'a1'})\": 2.59550792000118, \"frozenset({'a4', 'a1'})\": 1.0697607739752781, \"frozenset({'a2', 'a3'})\": 5.4426745503819625, \"frozenset({'a2', 'a4'})\": 3.111351919301267, \"frozenset({'a3', 'a4'})\": 0.5535722333506634, \"frozenset({'a2', 'a3', 'a1'})\": 1.4157124996555246, \"frozenset({'a2', 'a4', 'a1'})\": 2.9632724529251298, \"frozenset({'a3', 'a4', 'a1'})\": -1.6227051742537117, \"frozenset({'a2', 'a4', 'a3'})\": -2.1108260214163366, \"frozenset({'a2', 'a3', 'a4', 'a1'})\": 1.5742974647277017}, {\"frozenset()\": 0.0, \"frozenset({'a1'})\": 1.4612053463074737, \"frozenset({'a2'})\": -0.29269204016866723, \"frozenset({'a3'})\": -0.7946856636994637, \"frozenset({'a4'})\": 0.8155462527546146, \"frozenset({'a2', 'a1'})\": 1.1782654895649156, \"frozenset({'a3', 'a1'})\": 1.9631143604984496, \"frozenset({'a4', 'a1'})\": -0.16705513423123497, \"frozenset({'a2', 'a3'})\": 5.712601716224853, \"frozenset({'a2', 'a4'})\": 1.9479070413548691, \"frozenset({'a3', 'a4'})\": -0.4001539485868939, \"frozenset({'a2', 'a3', 'a1'})\": 0.19613692304924557, \"frozenset({'a2', 'a4', 'a1'})\": 2.1876634851657686, \"frozenset({'a3', 'a4', 'a1'})\": 5.447540016388794, \"frozenset({'a2', 'a4', 'a3'})\": 7.007988858435156, \"frozenset({'a2', 'a3', 'a4', 'a1'})\": 7.334909901789608}, {\"frozenset()\": 0.0, \"frozenset({'a1'})\": 0.4895579004176578, \"frozenset({'a2'})\": 1.217786162953476, \"frozenset({'a3'})\": 0.8201904613773988, \"frozenset({'a4'})\": 0.8021621266540884, \"frozenset({'a2', 'a1'})\": 2.4372300856542974, \"frozenset({'a3', 'a1'})\": 1.7711074833947291, \"frozenset({'a4', 'a1'})\": -1.4245265605779678, \"frozenset({'a2', 'a3'})\": 4.36160564921366, \"frozenset({'a2', 'a4'})\": -0.7000066370641669, \"frozenset({'a3', 'a4'})\": 0.00034794110312241777, \"frozenset({'a2', 'a3', 'a1'})\": -1.0320687732031306, \"frozenset({'a2', 'a4', 'a1'})\": 0.1687431062205662, \"frozenset({'a3', 'a4', 'a1'})\": -2.1436887633617587, \"frozenset({'a2', 'a4', 'a3'})\": 4.869636083432285, \"frozenset({'a2', 'a3', 'a4', 'a1'})\": 2.2202749442097964}]",