{"A": ["a1", "a2", "a3", "a4", "a5"], "H": "[{\"frozenset()\": 0.0, \"frozenset({'a1'})\": 1.3535637862633805, \"frozenset({'a2'})\": -0.2897851743087423, \"frozenset({'a3'})\": 1.681217003025571, \"frozenset({'a4'})\": 3.613627098693975, \"frozenset({'a5'})\": 1.896771884077714, \"frozenset({'a2', 'a1'})\": 1.141456097345448, \"frozenset({'a3', 'a1'})\": -0.792480388004889, \"frozenset({'a4', 'a1'})\": 3.3638753791515468, \"frozenset({'a5', 'a1'})\": 2.1798592650591795, \"frozenset({'a2', 'a3'})\": 3.794540996867677, \"frozenset({'a2', 'a4'})\": 6.5255466155337105, \"frozenset({'a2', 'a5'})\": 1.758291397055776, \"frozenset({'a3', 'a4'})\": -0.6962828428542274, \"frozenset({'a3', 'a5'})\": 1.6504907130616098, \"frozenset({'a5', 'a4'})\": 4.371116130400152, \"frozenset({'a2', 'a3', 'a1'})\": 0.8370747766732918, \"frozenset({'a2', 'a4', 'a1'})\": 2.52041149990501, \"frozenset({'a2', 'a5', 'a1'})\": 5.008402512923607, \"frozenset({'a3', 'a4', 'a1'})\": 4.336223690152375, \"frozenset({'a3', 'a5', 'a1'})\": 2.331867052133333, \"frozenset({'a5', 'a4', 'a1'})\": 2.930599631851152, \"frozenset({'a2', 'a4', 'a3'})\": -0.8020518393985352, \"frozenset({'a2', 'a5', 'a3'})\": 3.223704280128739, \"frozenset({'a2', 'a5', 'a4'})\": 1.6598731753851435, \"frozenset({'a3', 'a5', 'a4'})\": 3.911364207069575, \"frozenset({'a2', 'a3', 'a4', 'a1'})\": 12.63279496789756, \"frozenset({'a5', 'a2', 'a3', 'a1'})\": 6.04004029173245, \"frozenset({'a2', 'a5', 'a4', 'a1'})\": 1.6494397084056867, \"frozenset({'a3', 'a5', 'a4', 'a1'})\": 2.290285091609194, \"frozenset({'a2', 'a5', 'a4', 'a3'})\": 5.790846669041955, \"frozenset({'a5', 'a4', 'a3', 'a2', 'a1'})\": 6.058315918188325}, {\"frozenset()\": 0.0, \"frozenset({'a1'})\": 2.2038551507829176, \"frozenset({'a2'})\": 0.27932022240168486, \"frozenset({'a3'})\": -1.9426586158783712, \"frozenset({'a4'})\": 0.47709621495629295, \"frozenset({'a5'})\": 0.5681692281293658, \"frozenset({'a2', 'a1'})\": 0.2116381231148854, \"frozenset({'a3', 'a1'})\": 7.192955918007204, \"frozenset({'a4', 'a1'})\": 1.2719669729646115, \"frozenset({'a5', 'a1'})\": 1.5985776403971226, \"frozenset({'a2', 'a3'})\": 3.6253015589068633, \"frozenset({'a2', 'a4'})\": -0.7298444239890487, \"frozenset({'a2', 'a5'})\": 4.334573024933571, \"frozenset({'a3', 'a4'})\": 4.211711383216256, \"frozenset({'a3', 'a5'})\": 4.603913860998209, \"frozenset({'a5', 'a4'})\": 3.3527501248570513, \"frozenset({'a2', 'a3', 'a1'})\": 5.245983078134824, \"frozenset({'a2', 'a4', 'a1'})\": 5.600441418852977, \"frozenset({'a2', 'a5', 'a1'})\": 6.235784325580106, \"frozenset({'a3', 'a4', 'a1'})\": 0.07253813659059327, \"frozenset({'a3', 'a5', 'a1'})\": 2.0999222908763597, \"frozenset({'a5', 'a4', 'a1'})\": 0.029022302050260684, \"frozenset({'a2', 'a4', 'a3'})\": 1.1008497475229961, \"frozenset({'a2', 'a5', 'a3'})\": 5.6421442776337125, \"frozenset({'a2', 'a5', 'a4'})\": 4.291466024074425, \"frozenset({'a3', 'a5', 'a4'})\": 2.237931612925353, \"frozenset({'a2', 'a3', 'a4', 'a1'})\": 12.254578669745946, \"frozenset({'a5', 'a2', 'a3', 'a1'})\": 1.6617772605371033, \"frozenset({'a2', 'a5', 'a4', 'a1'})\": 7.067994462163069, \"frozenset({'a3', 'a5', 'a4', 'a1'})\": 2.080642592516365, \"frozenset({'a2', 'a5', 'a4', 'a3'})\": 1.9514161631634726, \"frozenset({'a5', 'a4', 'a3', 'a2', 'a1'})\": 5.273832421301153}]", "Pi": "[{\"py/tuple\": [{\"py/object\": \"networkx.classes.graph.Graph\", \"graph_attr_dict_factory\": {\"py/type\": \"builtins.dict\"}, \"node_dict_factory\": {\"py/type\": \"builtins.dict\"}, \"node_attr_dict_factory\": {\"py/type\": \"builtins.dict\"}, \"adjlist_outer_dict_factory\": {\"py/type\": \"builtins.dict\"}, \"adjlist_inner_dict_factory\": {\"py/type\": \"builtins.dict\"}, \"edge_attr_dict_factory\": {\"py/type\": \"builtins.dict\"}, \"graph\": {}, \"_node\": {\"a1\": {}, \"a2\": {}, \"a3\": {}, \"a4\": {}, \"a5\": {}}, \"_adj\": {\"a1\": {\"a2\": {}, \"a3\": {}, \"a5\": {}}, \"a2\": {\"a1\": {\"py/id\": 11}, \"a3\": {}, \"a4\": {}}, \"a3\": {\"a1\": {\"py/id\": 12}, \"a2\": {\"py/id\": 15}, \"a4\": {}}, \"a4\": {\"a2\": {\"py/id\": 16}, \"a3\": {\"py/id\": 18}}, \"a5\": {\"a1\": {\"py/id\": 13}}}}, {\"py/set\": []}, {}, {}, 1, 0]}, {\"py/tuple\": [{\"py/object\": \"networkx.classes.graph.Graph\", \"graph_attr_dict_factory\": {\"py/type\": \"builtins.dict\"}, \"node_dict_factory\": {\"py/type\": \"builtins.dict\"}, \"node_attr_dict_factory\": {\"py/type\": \"builtins.dict\"}, \"adjlist_outer_dict_factory\": {\"py/type\": \"builtins.dict\"}, \"adjlist_inner_dict_factory\": {\"py/type\": \"builtins.dict\"}, \"edge_attr_dict_factory\": {\"py/type\": \"builtins.dict\"}, \"graph\": {}, \"_node\": {\"a1\": {}, \"a2\": {}, \"a3\": {}, \"a4\": {}, \"a5\": {}}, \"_adj\": {\"a1\": {\"a2\": {}, \"a3\": {}, \"a5\": {}}, \"a2\": {\"a1\": {\"py/id\": 33}, \"a3\": {}, \"a4\": {}}, \"a3\": {\"a1\": {\"py/id\": 34}, \"a2\": {\"py/id\": 37}, \"a5\": {}}, \"a4\": {\"a2\": {\"py/id\": 38}}, \"a5\": {\"a1\": {\"py/id\": 35}, \"a3\": {\"py/id\": 40}}}}, {\"py/set\": []}, {}, {}, 1, 0]}]"}