{"A": ["a1", "a2", "a3", "a4", "a5", "a6"], "H": "[{\"frozenset()\": 0.0, \"frozenset({'a1'})\": 1.8842140786706851, \"frozenset({'a2'})\": -0.38420169024554074, \"frozenset({'a3'})\": 1.2096654350775768, \"frozenset({'a4'})\": 1.091217234929256, \"frozenset({'a5'})\": 2.278223302008752, \"frozenset({'a6'})\": 0.7640070459622267, \"frozenset({'a2', 'a1'})\": 6.011671399819247, \"frozenset({'a3', 'a1'})\": 1.1220175754166721, \"frozenset({'a4', 'a1'})\": 3.4002252930155072, \"frozenset({'a5', 'a1'})\": 0.6965587819150525, \"frozenset({'a6', 'a1'})\": 2.162551161245988, \"frozenset({'a2', 'a3'})\": 1.9313795957312547, \"frozenset({'a2', 'a4'})\": 0.3014141525533107, \"frozenset({'a2', 'a5'})\": -0.39078951287498054, \"frozenset({'a2', 'a6'})\": -1.1879063643447019, \"frozenset({'a3', 'a4'})\": 1.7155742684085227, \"frozenset({'a3', 'a5'})\": 3.9843506463507126, \"frozenset({'a3', 'a6'})\": 1.5828291596830983, \"frozenset({'a5', 'a4'})\": -1.1308422473599493, \"frozenset({'a4', 'a6'})\": 0.037589182332915305, \"frozenset({'a5', 'a6'})\": 5.971107240068902, \"frozenset({'a2', 'a3', 'a1'})\": 0.35436843978999866, \"frozenset({'a2', 'a4', 'a1'})\": -5.725360211084892, \"frozenset({'a2', 'a5', 'a1'})\": 2.3463077193508957, \"frozenset({'a6', 'a2', 'a1'})\": 2.2081671079634617, \"frozenset({'a3', 'a4', 'a1'})\": -0.3639171827618304, \"frozenset({'a3', 'a5', 'a1'})\": 1.3641225257073653, \"frozenset({'a6', 'a3', 'a1'})\": 2.004348053611938, \"frozenset({'a5', 'a4', 'a1'})\": 1.4250912613874638, \"frozenset({'a6', 'a4', 'a1'})\": 5.282753527575817, \"frozenset({'a6', 'a5', 'a1'})\": 2.8088490354936813, \"frozenset({'a2', 'a4', 'a3'})\": 5.5257532659016615, \"frozenset({'a2', 'a5', 'a3'})\": 5.058404440641783, \"frozenset({'a6', 'a2', 'a3'})\": 0.49147164825840894, \"frozenset({'a2', 'a5', 'a4'})\": 6.1191113409827995, \"frozenset({'a2', 'a4', 'a6'})\": 2.8055878421085403, \"frozenset({'a2', 'a5', 'a6'})\": 0.15070505437543513, \"frozenset({'a3', 'a5', 'a4'})\": 1.9078791825786066, \"frozenset({'a3', 'a4', 'a6'})\": 2.621979717763271, \"frozenset({'a3', 'a5', 'a6'})\": 1.6819304384306815, \"frozenset({'a5', 'a4', 'a6'})\": 5.3971490093167045, \"frozenset({'a2', 'a3', 'a4', 'a1'})\": 0.8759416975116503, \"frozenset({'a5', 'a2', 'a3', 'a1'})\": -3.5261087543200755, \"frozenset({'a6', 'a2', 'a3', 'a1'})\": 4.449664158181194, \"frozenset({'a2', 'a5', 'a4', 'a1'})\": -1.9150369336221473, \"frozenset({'a6', 'a2', 'a4', 'a1'})\": 2.255631446347089, \"frozenset({'a6', 'a2', 'a5', 'a1'})\": 5.491490832787747, \"frozenset({'a3', 'a5', 'a4', 'a1'})\": 2.4952909147295683, \"frozenset({'a6', 'a3', 'a4', 'a1'})\": 10.493640929029354, \"frozenset({'a6', 'a3', 'a5', 'a1'})\": 2.814416525179484, \"frozenset({'a6', 'a5', 'a4', 'a1'})\": 2.134970244293092, \"frozenset({'a2', 'a5', 'a4', 'a3'})\": 2.153632277322593, \"frozenset({'a6', 'a2', 'a4', 'a3'})\": 1.4583778231514763, \"frozenset({'a6', 'a2', 'a5', 'a3'})\": 4.1778949761975905, \"frozenset({'a2', 'a5', 'a4', 'a6'})\": 2.1189262900617534, \"frozenset({'a3', 'a5', 'a4', 'a6'})\": 3.84373070777861, \"frozenset({'a5', 'a4', 'a3', 'a2', 'a1'})\": 0.980384014971861, \"frozenset({'a6', 'a4', 'a3', 'a2', 'a1'})\": 10.437315403194248, \"frozenset({'a6', 'a5', 'a3', 'a2', 'a1'})\": 8.312620187410836, \"frozenset({'a6', 'a5', 'a4', 'a1', 'a2'})\": -0.22554398176574875, \"frozenset({'a6', 'a5', 'a4', 'a1', 'a3'})\": 2.374462623677678, \"frozenset({'a6', 'a5', 'a4', 'a3', 'a2'})\": 5.80014385317389, \"frozenset({'a6', 'a5', 'a4', 'a3', 'a2', 'a1'})\": -0.8834195068273978}, {\"frozenset()\": 0.0, \"frozenset({'a1'})\": 2.3008801677175716, \"frozenset({'a2'})\": -0.9780137968234013, \"frozenset({'a3'})\": 2.567153921976234, \"frozenset({'a4'})\": 3.2094090947069405, \"frozenset({'a5'})\": 0.3579512027125493, \"frozenset({'a6'})\": 1.565262467682024, \"frozenset({'a2', 'a1'})\": 1.7060979103916434, \"frozenset({'a3', 'a1'})\": 3.6631928730083834, \"frozenset({'a4', 'a1'})\": 2.2263937876416007, \"frozenset({'a5', 'a1'})\": 0.3096093050890556, \"frozenset({'a6', 'a1'})\": 3.289355197475641, \"frozenset({'a2', 'a3'})\": -0.2570968418664119, \"frozenset({'a2', 'a4'})\": 2.2462189689805756, \"frozenset({'a2', 'a5'})\": 1.2948474281462308, \"frozenset({'a2', 'a6'})\": -2.0770065834003555, \"frozenset({'a3', 'a4'})\": 2.130330927066254, \"frozenset({'a3', 'a5'})\": 0.1762132105068328, \"frozenset({'a3', 'a6'})\": 3.97775154937851, \"frozenset({'a5', 'a4'})\": 2.9567663173795964, \"frozenset({'a4', 'a6'})\": 1.5362821575250742, \"frozenset({'a5', 'a6'})\": 2.8848292739551473, \"frozenset({'a2', 'a3', 'a1'})\": 2.713645730355388, \"frozenset({'a2', 'a4', 'a1'})\": 1.946005028594087, \"frozenset({'a2', 'a5', 'a1'})\": 2.8439082686915693, \"frozenset({'a6', 'a2', 'a1'})\": 0.32544567985461503, \"frozenset({'a3', 'a4', 'a1'})\": 6.946480032111893, \"frozenset({'a3', 'a5', 'a1'})\": 2.309425093756909, \"frozenset({'a6', 'a3', 'a1'})\": 3.5607506286156703, \"frozenset({'a5', 'a4', 'a1'})\": -0.29070926525561624, \"frozenset({'a6', 'a4', 'a1'})\": 1.235028725263872, \"frozenset({'a6', 'a5', 'a1'})\": 3.2459597337719366, \"frozenset({'a2', 'a4', 'a3'})\": 0.7138337536375872, \"frozenset({'a2', 'a5', 'a3'})\": 5.4051556134801295, \"frozenset({'a6', 'a2', 'a3'})\": -1.9507026586050742, \"frozenset({'a2', 'a5', 'a4'})\": -0.46772880117404414, \"frozenset({'a2', 'a4', 'a6'})\": 6.5391232455475, \"frozenset({'a2', 'a5', 'a6'})\": -1.7269234637731223, \"frozenset({'a3', 'a5', 'a4'})\": -1.2712261938631615, \"frozenset({'a3', 'a4', 'a6'})\": 13.82787029573084, \"frozenset({'a3', 'a5', 'a6'})\": 4.328300411299604, \"frozenset({'a5', 'a4', 'a6'})\": -0.466478996938791, \"frozenset({'a2', 'a3', 'a4', 'a1'})\": 6.747494913445299, \"frozenset({'a5', 'a2', 'a3', 'a1'})\": 5.87855969717838, \"frozenset({'a6', 'a2', 'a3', 'a1'})\": 5.999038123569629, \"frozenset({'a2', 'a5', 'a4', 'a1'})\": 9.38738710397269, \"frozenset({'a6', 'a2', 'a4', 'a1'})\": 10.71265359519674, \"frozenset({'a6', 'a2', 'a5', 'a1'})\": -0.1714753533182698, \"frozenset({'a3', 'a5', 'a4', 'a1'})\": 6.857004668962388, \"frozenset({'a6', 'a3', 'a4', 'a1'})\": 3.606494740288928, \"frozenset({'a6', 'a3', 'a5', 'a1'})\": 9.21268330296782, \"frozenset({'a6', 'a5', 'a4', 'a1'})\": -7.933057029926692, \"frozenset({'a2', 'a5', 'a4', 'a3'})\": 12.028657008828217, \"frozenset({'a6', 'a2', 'a4', 'a3'})\": 2.23832992302142, \"frozenset({'a6', 'a2', 'a5', 'a3'})\": 3.085588947299679, \"frozenset({'a2', 'a5', 'a4', 'a6'})\": 4.099357292022679, \"frozenset({'a3', 'a5', 'a4', 'a6'})\": 1.1844800434115887, \"frozenset({'a5', 'a4', 'a3', 'a2', 'a1'})\": 7.696841212680495, \"frozenset({'a6', 'a4', 'a3', 'a2', 'a1'})\": 9.032988307091308, \"frozenset({'a6', 'a5', 'a3', 'a2', 'a1'})\": 6.242017850526658, \"frozenset({'a6', 'a5', 'a4', 'a1', 'a2'})\": 2.823972072780226, \"frozenset({'a6', 'a5', 'a4', 'a1', 'a3'})\": 9.712433383568358, \"frozenset({'a6', 'a5', 'a4', 'a3', 'a2'})\": -5.77946718119825, \"frozenset({'a6', 'a5', 'a4', 'a3', 'a2', 'a1'})\": 11.088030408753099}, {\"frozenset()\": 0.0, \"frozenset({'a1'})\": 0.7413209996717681, \"frozenset({'a2'})\": 1.3496222705557415, \"frozenset({'a3'})\": 1.1211819788668973, \"frozenset({'a4'})\": 1.2038328468967308, \"frozenset({'a5'})\": 1.0917391554454912, \"frozenset({'a6'})\": 0.9208587468708834, \"frozenset({'a2', 'a1'})\": 0.01816613249362864, \"frozenset({'a3', 'a1'})\": 3.008122139792722, \"frozenset({'a4', 'a1'})\": 4.25841437761269, \"frozenset({'a5', 'a1'})\": 0.027967950924696616, \"frozenset({'a6', 'a1'})\": 1.330250011158781, \"frozenset({'a2', 'a3'})\": 2.1606682136548123, \"frozenset({'a2', 'a4'})\": 2.8722569219788374, \"frozenset({'a2', 'a5'})\": 3.3267982039005437, \"frozenset({'a2', 'a6'})\": 0.0951072485603024, \"frozenset({'a3', 'a4'})\": 2.596282049271242, \"frozenset({'a3', 'a5'})\": 3.261464904900518, \"frozenset({'a3', 'a6'})\": -0.517503609491146, \"frozenset({'a5', 'a4'})\": 2.201722767390356, \"frozenset({'a4', 'a6'})\": 5.56436578256982, 