{"A": ["a1", "a2", "a3", "a4", "a5", "a6"], "H": "[{\"frozenset()\": 0.0, \"frozenset({'a1'})\": 1.7035707791829466, \"frozenset({'a2'})\": 1.9200314557978226, \"frozenset({'a3'})\": 1.8966791233342366, \"frozenset({'a4'})\": 0.6623315945349606, \"frozenset({'a5'})\": 1.5916412296984541, \"frozenset({'a6'})\": 1.4278564890822314, \"frozenset({'a2', 'a1'})\": -3.381449300809698, \"frozenset({'a3', 'a1'})\": 4.075930263375735, \"frozenset({'a4', 'a1'})\": 0.4427329504877242, \"frozenset({'a5', 'a1'})\": -0.9301804033125616, \"frozenset({'a6', 'a1'})\": 0.9043411017204417, \"frozenset({'a2', 'a3'})\": 0.22324351999531422, \"frozenset({'a2', 'a4'})\": 4.443784902701367, \"frozenset({'a2', 'a5'})\": 5.454768990829718, \"frozenset({'a2', 'a6'})\": 5.61997127668865, \"frozenset({'a3', 'a4'})\": 3.253510719628285, \"frozenset({'a3', 'a5'})\": 3.087926566292537, \"frozenset({'a3', 'a6'})\": 2.754566924677058, \"frozenset({'a5', 'a4'})\": 1.6488768783306986, \"frozenset({'a4', 'a6'})\": -0.234936708807723, \"frozenset({'a5', 'a6'})\": 2.4288987403927345, \"frozenset({'a2', 'a3', 'a1'})\": 6.65320555492272, \"frozenset({'a2', 'a4', 'a1'})\": 2.6325553461177207, \"frozenset({'a2', 'a5', 'a1'})\": 5.627649602385671, \"frozenset({'a6', 'a2', 'a1'})\": 2.1257242248153947, \"frozenset({'a3', 'a4', 'a1'})\": 6.838309799781052, \"frozenset({'a3', 'a5', 'a1'})\": 6.538009498881817, \"frozenset({'a6', 'a3', 'a1'})\": 3.0813361928142426, \"frozenset({'a5', 'a4', 'a1'})\": 2.0597956988544093, \"frozenset({'a6', 'a4', 'a1'})\": 3.361281476529802, \"frozenset({'a6', 'a5', 'a1'})\": 3.9136370828469804, \"frozenset({'a2', 'a4', 'a3'})\": 1.1145341896465006, \"frozenset({'a2', 'a5', 'a3'})\": 3.256492472270584, \"frozenset({'a6', 'a2', 'a3'})\": -0.1919718269833086, \"frozenset({'a2', 'a5', 'a4'})\": 0.897831725370998, \"frozenset({'a2', 'a4', 'a6'})\": 5.946760016677549, \"frozenset({'a2', 'a5', 'a6'})\": -0.7603788209258795, \"frozenset({'a3', 'a5', 'a4'})\": 5.490232598974663, \"frozenset({'a3', 'a4', 'a6'})\": 0.4918199672075194, \"frozenset({'a3', 'a5', 'a6'})\": 3.9516599742907133, \"frozenset({'a5', 'a4', 'a6'})\": 8.260078002138181, \"frozenset({'a2', 'a3', 'a4', 'a1'})\": 6.008039591223493, \"frozenset({'a5', 'a2', 'a3', 'a1'})\": 7.857627121183104, \"frozenset({'a6', 'a2', 'a3', 'a1'})\": 3.8735429420485357, \"frozenset({'a2', 'a5', 'a4', 'a1'})\": 1.8913294368485625, \"frozenset({'a6', 'a2', 'a4', 'a1'})\": 4.829613176154686, \"frozenset({'a6', 'a2', 'a5', 'a1'})\": 6.386643691586167, \"frozenset({'a3', 'a5', 'a4', 'a1'})\": 8.505144418849294, \"frozenset({'a6', 'a3', 'a4', 'a1'})\": 4.636140619299642, \"frozenset({'a6', 'a3', 'a5', 'a1'})\": 3.2617618739942085, \"frozenset({'a6', 'a5', 'a4', 'a1'})\": 4.779534750078819, \"frozenset({'a2', 'a5', 'a4', 'a3'})\": -2.973085156947067, \"frozenset({'a6', 'a2', 'a4', 'a3'})\": 2.2467028680474357, \"frozenset({'a6', 'a2', 'a5', 'a3'})\": 6.73271258800564, \"frozenset({'a2', 'a5', 'a4', 'a6'})\": 3.682473935326666, \"frozenset({'a3', 'a5', 'a4', 'a6'})\": 4.598959298526879, \"frozenset({'a5', 'a4', 'a3', 'a2', 'a1'})\": -5.00367814472092, \"frozenset({'a6', 'a4', 'a3', 'a2', 'a1'})\": 6.733939591627151, \"frozenset({'a6', 'a5', 'a3', 'a2', 'a1'})\": 4.1912411924295405, \"frozenset({'a6', 'a5', 'a4', 'a1', 'a2'})\": -1.334466257315741, \"frozenset({'a6', 'a5', 'a4', 'a1', 'a3'})\": -2.670633306652742, \"frozenset({'a6', 'a5', 'a4', 'a3', 'a2'})\": 4.38968812414485, \"frozenset({'a6', 'a5', 'a4', 'a3', 'a2', 'a1'})\": 5.385262732550582}, {\"frozenset()\": 0.0, \"frozenset({'a1'})\": 0.4841416982338961, \"frozenset({'a2'})\": 2.268036318649445, \"frozenset({'a3'})\": 0.6045173135082031, \"frozenset({'a4'})\": 1.793199342357625, \"frozenset({'a5'})\": -0.9346357178378015, \"frozenset({'a6'})\": 0.6055321647033862, \"frozenset({'a2', 'a1'})\": 4.495778966082601, \"frozenset({'a3', 'a1'})\": 1.1953957913348603, \"frozenset({'a4', 'a1'})\": 2.0837895652480087, \"frozenset({'a5', 'a1'})\": 1.2172043494526912, \"frozenset({'a6', 'a1'})\": 4.983360322420566, \"frozenset({'a2', 'a3'})\": 0.8230793712500959, \"frozenset({'a2', 'a4'})\": 2.5618800625161455, \"frozenset({'a2', 'a5'})\": 4.668870950373893, \"frozenset({'a2', 'a6'})\": 2.0336542905059294, \"frozenset({'a3', 'a4'})\": 5.660179193073914, \"frozenset({'a3', 'a5'})\": 2.2182627097422314, \"frozenset({'a3', 'a6'})\": 1.2074684234627282, \"frozenset({'a5', 'a4'})\": 4.176168663920146, \"frozenset({'a4', 'a6'})\": 2.2273408526248915, \"frozenset({'a5', 'a6'})\": 3.2615542530729105, \"frozenset({'a2', 'a3', 'a1'})\": 5.402658721040299, \"frozenset({'a2', 'a4', 'a1'})\": 1.6836352946852746, \"frozenset({'a2', 'a5', 'a1'})\": 5.812273930890839, \"frozenset({'a6', 'a2', 'a1'})\": -0.8231926643498886, \"frozenset({'a3', 'a4', 'a1'})\": 8.64891672565156, \"frozenset({'a3', 'a5', 'a1'})\": 9.923535389751338, \"frozenset({'a6', 'a3', 'a1'})\": 0.8156534724118094, \"frozenset({'a5', 'a4', 'a1'})\": 4.19517454887667, \"frozenset({'a6', 'a4', 'a1'})\": 8.23613197245506, \"frozenset({'a6', 'a5', 'a1'})\": 2.3552355854462164, \"frozenset({'a2', 'a4', 'a3'})\": -0.7047524988348179, \"frozenset({'a2', 'a5', 'a3'})\": 1.3590890470344474, \"frozenset({'a6', 'a2', 'a3'})\": 0.5883137478139018, \"frozenset({'a2', 'a5', 'a4'})\": 0.9548858420376276, \"frozenset({'a2', 'a4', 'a6'})\": -2.28850059463325, \"frozenset({'a2', 'a5', 'a6'})\": 4.525949372680984, \"frozenset({'a3', 'a5', 'a4'})\": 3.1332460133076956, \"frozenset({'a3', 'a4', 'a6'})\": 0.6926929089846245, \"frozenset({'a3', 'a5', 'a6'})\": 3.5121889533064374, \"frozenset({'a5', 'a4', 'a6'})\": 3.7631902730152724, \"frozenset({'a2', 'a3', 'a4', 'a1'})\": 4.335085097682269, \"frozenset({'a5', 'a2', 'a3', 'a1'})\": 5.259154016178902, \"frozenset({'a6', 'a2', 'a3', 'a1'})\": 7.067222939186545, \"frozenset({'a2', 'a5', 'a4', 'a1'})\": 3.0575879456199497, \"frozenset({'a6', 'a2', 'a4', 'a1'})\": 9.919730061815768, \"frozenset({'a6', 'a2', 'a5', 'a1'})\": 5.599366994221566, \"frozenset({'a3', 'a5', 'a4', 'a1'})\": 2.750349401692838, \"frozenset({'a6', 'a3', 'a4', 'a1'})\": 13.180250133892535, \"frozenset({'a6', 'a3', 'a5', 'a1'})\": 9.806522158370711, \"frozenset({'a6', 'a5', 'a4', 'a1'})\": 2.842106279453555, \"frozenset({'a2', 'a5', 'a4', 'a3'})\": 5.80500731758201, \"frozenset({'a6', 'a2', 'a4', 'a3'})\": 11.95439257382045, \"frozenset({'a6', 'a2', 'a5', 'a3'})\": 11.091991868531935, \"frozenset({'a2', 'a5', 'a4', 'a6'})\": 7.445112268521379, \"frozenset({'a3', 'a5', 'a4', 'a6'})\": 0.71275171346812, \"frozenset({'a5', 'a4', 'a3', 'a2', 'a1'})\": 7.665460772716753, \"frozenset({'a6', 'a4', 'a3', 'a2', 'a1'})\": 10.355247706852627, \"frozenset({'a6', 'a5', 'a3', 'a2', 'a1'})\": -1.3908706988334263, \"frozenset({'a6', 'a5', 'a4', 'a1', 'a2'})\": 8.184331298718504, \"frozenset({'a6', 'a5', 'a4', 'a1', 'a3'})\": 3.609963078727846, \"frozenset({'a6', 'a5', 'a4', 'a3', 'a2'})\": -1.8499661031989234, \"frozenset({'a6', 'a5', 'a4', 'a3', 'a2', 'a1'})\": 8.281186191504798}]",