{"A": ["a1", "a2", "a3", "a4", "a5"], "H": "[{\"frozenset()\": 0.0, \"frozenset({'a1'})\": 2.548467811262901, \"frozenset({'a2'})\": 1.880513815071549, \"frozenset({'a3'})\": 0.6116074700321401, \"frozenset({'a4'})\": 1.7394102000678697, \"frozenset({'a5'})\": 1.793562091827672, \"frozenset({'a2', 'a1'})\": 3.143637599664417, \"frozenset({'a3', 'a1'})\": 4.1991673208344755, \"frozenset({'a4', 'a1'})\": 0.30154579236231993, \"frozenset({'a5', 'a1'})\": 1.796027775742704, \"frozenset({'a2', 'a3'})\": -0.46606081541384325, \"frozenset({'a2', 'a4'})\": -0.3065794791264511, \"frozenset({'a2', 'a5'})\": 0.10645231595311122, \"frozenset({'a3', 'a4'})\": 4.255256696646299, \"frozenset({'a3', 'a5'})\": 3.8269431355908914, \"frozenset({'a5', 'a4'})\": 2.9244427829723745, \"frozenset({'a2', 'a3', 'a1'})\": 6.977596764363254, \"frozenset({'a2', 'a4', 'a1'})\": 4.431998207607139, \"frozenset({'a2', 'a5', 'a1'})\": 7.0576727674292234, \"frozenset({'a3', 'a4', 'a1'})\": -0.3133748127250304, \"frozenset({'a3', 'a5', 'a1'})\": 8.599916300060748, \"frozenset({'a5', 'a4', 'a1'})\": 7.922986972079128, \"frozenset({'a2', 'a4', 'a3'})\": -4.681969323249277, \"frozenset({'a2', 'a5', 'a3'})\": 4.569664197746295, \"frozenset({'a2', 'a5', 'a4'})\": 5.536336860465339, \"frozenset({'a3', 'a5', 'a4'})\": 6.003051898466869, \"frozenset({'a2', 'a3', 'a4', 'a1'})\": 4.674860489181285, \"frozenset({'a5', 'a2', 'a3', 'a1'})\": 0.39687999093737103, \"frozenset({'a2', 'a5', 'a4', 'a1'})\": 2.3355037905549336, \"frozenset({'a3', 'a5', 'a4', 'a1'})\": 4.859042453341237, \"frozenset({'a2', 'a5', 'a4', 'a3'})\": 3.8042646188188156, \"frozenset({'a5', 'a4', 'a3', 'a2', 'a1'})\": 2.3873234685467777}, {\"frozenset()\": 0.0, \"frozenset({'a1'})\": 0.3909385797535089, \"frozenset({'a2'})\": 0.8497552346785954, \"frozenset({'a3'})\": 1.8415856886406319, \"frozenset({'a4'})\": 0.9538676721624252, \"frozenset({'a5'})\": 1.402077115904622, \"frozenset({'a2', 'a1'})\": 0.7844138457382874, \"frozenset({'a3', 'a1'})\": 1.861638823367887, \"frozenset({'a4', 'a1'})\": 2.4865632809201546, \"frozenset({'a5', 'a1'})\": 0.5849887956585798, \"frozenset({'a2', 'a3'})\": 4.429817942007295, \"frozenset({'a2', 'a4'})\": 2.627068741452386, \"frozenset({'a2', 'a5'})\": 0.09627997520352927, \"frozenset({'a3', 'a4'})\": 1.505282582673828, \"frozenset({'a3', 'a5'})\": -3.041492697438575, \"frozenset({'a5', 'a4'})\": -0.13430290592751515, \"frozenset({'a2', 'a3', 'a1'})\": 2.293455236402139, \"frozenset({'a2', 'a4', 'a1'})\": -1.9899874861999063, \"frozenset({'a2', 'a5', 'a1'})\": 5.623414757376736, \"frozenset({'a3', 'a4', 'a1'})\": 2.743381043835926, \"frozenset({'a3', 'a5', 'a1'})\": 5.03404774331343, \"frozenset({'a5', 'a4', 'a1'})\": -4.292445431057217, \"frozenset({'a2', 'a4', 'a3'})\": -4.8298852346347685, \"frozenset({'a2', 'a5', 'a3'})\": 2.1634878077012885, \"frozenset({'a2', 'a5', 'a4'})\": 2.717100895303808, \"frozenset({'a3', 'a5', 'a4'})\": 8.915214637500553, \"frozenset({'a2', 'a3', 'a4', 'a1'})\": -1.1815525923112338, \"frozenset({'a5', 'a2', 'a3', 'a1'})\": 3.012189401998813, \"frozenset({'a2', 'a5', 'a4', 'a1'})\": -1.7331679576599042, \"frozenset({'a3', 'a5', 'a4', 'a1'})\": 2.2208956353468143, \"frozenset({'a2', 'a5', 'a4', 'a3'})\": 5.182147334074082, \"frozenset({'a5', 'a4', 'a3', 'a2', 'a1'})\": -3.417792817588211}, {\"frozenset()\": 0.0, \"frozenset({'a1'})\": 1.5056605026877012, \"frozenset({'a2'})\": 0.7166405505262886, \"frozenset({'a3'})\": 1.2872193436672565, \"frozenset({'a4'})\": 1.0181378665461074, \"frozenset({'a5'})\": 0.5316600824185793, \"frozenset({'a2', 'a1'})\": 1.54575127959551, \"frozenset({'a3', 'a1'})\": -1.164718743137744, \"frozenset({'a4', 'a1'})\": 3.1994138690788994, \"frozenset({'a5', 'a1'})\": 2.97316223224193, \"frozenset({'a2', 'a3'})\": 2.1503969783003916, \"frozenset({'a2', 'a4'})\": -0.754280328865589, \"frozenset({'a2', 'a5'})\": 1.1777389059411831, \"frozenset({'a3', 'a4'})\": 1.5231128358763675, \"frozenset({'a3', 'a5'})\": 3.730758222707273, \"frozenset({'a5', 'a4'})\": 2.6939972978643403, \"frozenset({'a2', 'a3', 'a1'})\": 3.0164080718111315, \"frozenset({'a2', 'a4', 'a1'})\": -1.1497923298078057, \"frozenset({'a2', 'a5', 'a1'})\": 7.895979062286573, \"frozenset({'a3', 'a4', 'a1'})\": -1.5568038058791007, \"frozenset({'a3', 'a5', 'a1'})\": 0.46403589460132944, \"frozenset({'a5', 'a4', 'a1'})\": 3.347767897976692, \"frozenset({'a2', 'a4', 'a3'})\": 3.3711186467908263, \"frozenset({'a2', 'a5', 'a3'})\": 4.0331585665416645, \"frozenset({'a2', 'a5', 'a4'})\": 3.1056596473448494, \"frozenset({'a3', 'a5', 'a4'})\": 5.568527781555733, \"frozenset({'a2', 'a3', 'a4', 'a1'})\": 2.6893052696576856, \"frozenset({'a5', 'a2', 'a3', 'a1'})\": -3.707191458465572, \"frozenset({'a2', 'a5', 'a4', 'a1'})\": 4.383218809301533, \"frozenset({'a3', 'a5', 'a4', 'a1'})\": -1.9893355181208348, \"frozenset({'a2', 'a5', 'a4', 'a3'})\": -0.9614407920086903, \"frozenset({'a5', 'a4', 'a3', 'a2', 'a1'})\": -2.7172824557694515}, {\"frozenset()\": 0.0, \"frozenset({'a1'})\": 2.000238141236734, \"frozenset({'a2'})\": 1.243551947572841, \"frozenset({'a3'})\": 0.8982667932173516, \"frozenset({'a4'})\": 0.5524452275682108, \"frozenset({'a5'})\": 1.204804311131221, \"frozenset({'a2', 'a1'})\": -0.15646463232062935, \"frozenset({'a3', 'a1'})\": 3.124825799326816, \"frozenset({'a4', 'a1'})\": 2.9198318299327584, \"frozenset({'a5', 'a1'})\": -2.1627258558527815, \"frozenset({'a2', 'a3'})\": 1.0422120973986464, \"frozenset({'a2', 'a4'})\": 3.197667299425433, \"frozenset({'a2', 'a5'})\": -4.300998137764556, \"frozenset({'a3', 'a4'})\": -0.6333347546944235, \"frozenset({'a3', 'a5'})\": 1.1374934242597625, \"frozenset({'a5', 'a4'})\": -2.25642302532216, \"frozenset({'a2', 'a3', 'a1'})\": 2.8359746540182993, \"frozenset({'a2', 'a4', 'a1'})\": 3.587780413817204, \"frozenset({'a2', 'a5', 'a1'})\": 6.298099888781968, \"frozenset({'a3', 'a4', 'a1'})\": 0.7175690729750315, \"frozenset({'a3', 'a5', 'a1'})\": 4.622249896722797, \"frozenset({'a5', 'a4', 'a1'})\": 5.165117057013262, \"frozenset({'a2', 'a4', 'a3'})\": 1.5282891438356934, \"frozenset({'a2', 'a5', 'a3'})\": 1.849736556483013, \"frozenset({'a2', 'a5', 'a4'})\": 1.5998310512784928, \"frozenset({'a3', 'a5', 'a4'})\": 3.6059375114345436, \"frozenset({'a2', 'a3', 'a4', 'a1'})\": 3.277902964911488, \"frozenset({'a5', 'a2', 'a3', 'a1'})\": 5.039627459314824, \"frozenset({'a2', 'a5', 'a4', 'a1'})\": 7.554685999061, \"frozenset({'a3', 'a5', 'a4', 'a1'})\": -1.096824485952033, \"frozenset({'a2', 'a5', 'a4', 'a3'})\": -0.7589996377803221, \"frozenset({'a5', 'a4', 'a3', 'a2', 'a1'})\": 12.38462282647775}, {\"frozenset()\": 0.0, \"frozenset({'a1'})\": 0.5761012202028759, \"frozenset({'a2'})\": 1.2380268002719959, \"frozenset({'a3'})\": 0.4243441433912739, \"frozenset({'a4'})\": 1.3091584027663261, \"frozenset({'a5'})\": 0.1674625359516121, \"frozenset({'a2', 'a1'})\": 2.136097281447598, \"frozenset({'a3', 'a1'})\": 2.707942644041185, \"frozenset({'a4', 'a1'})\": 3.3673303222284185, \"frozenset({'a5', 'a1'})\": 0.6072409343687892, \"frozenset({'a2', 'a3'})\": -0.5050743458437164, \"frozenset({'a2', 'a4'})\": -1.0469186789176468, \"frozenset({'a2', 'a5'})\": 0.8647982219542276, \"frozenset({'a3', 'a4'})\": -0.5675943846562723, \"frozenset({'a3', 'a5'})\": -1.902968773331121, \"frozenset({'a5', 'a4'})\": 2.608885093106459, \"frozenset({'a2', 'a3', 'a1'})\": 3.6530693064092845, \"frozenset({'a2', 'a4', 'a1'})\": 0.4702868201397652, \"frozenset({'a2', 'a5', 'a1'})\": 0.8039914823758934, \"frozenset({'a3', 'a4', 'a1'})\": 2.304360955545972, \"frozenset({'a3', 'a5', 'a1'})\": 3.2309847958746647, \"frozenset({'a5', 'a4', 'a1'})\": 0.6757514572652972, \"frozenset({'a2', 'a4', 'a3'})\": 1.6187431691954406, \"frozenset({'a2', 'a5', 'a3'})\": 4.156762294198745, \"frozenset({'a2', 'a5', 'a4'})\": 0.7825728354483994, \"frozenset({'a3', 'a5', 'a4'})\": 3.8933998219549433, \"frozenset({'a2', 'a3', 'a4', 'a1'})\": 1.7089441153315867, \"frozenset({'a5', 'a2', 'a3', 'a1'})\": 