{"A": ["a1", "a2", "a3", "a4"], "H": "[{\"frozenset()\": 0.0, \"frozenset({'a1'})\": 1.0221307931970507, \"frozenset({'a2'})\": 1.7847296512725612, \"frozenset({'a3'})\": 2.393960232356794, \"frozenset({'a4'})\": 0.04170661691918642, \"frozenset({'a2', 'a1'})\": 1.331132605391258, \"frozenset({'a3', 'a1'})\": 2.3415349572214903, \"frozenset({'a4', 'a1'})\": -0.36741237647394565, \"frozenset({'a2', 'a3'})\": 1.5472951508287356, \"frozenset({'a2', 'a4'})\": 0.7434501702528162, \"frozenset({'a3', 'a4'})\": 1.181213234624869, \"frozenset({'a2', 'a3', 'a1'})\": 6.167689352543052, \"frozenset({'a2', 'a4', 'a1'})\": 1.9225462780640783, \"frozenset({'a3', 'a4', 'a1'})\": 4.607157563609631, \"frozenset({'a2', 'a4', 'a3'})\": 5.460167628787864, \"frozenset({'a2', 'a3', 'a4', 'a1'})\": -0.7028888888572231}, {\"frozenset()\": 0.0, \"frozenset({'a1'})\": -1.823905524726603, \"frozenset({'a2'})\": 1.0193879564096273, \"frozenset({'a3'})\": -0.43118993270931516, \"frozenset({'a4'})\": -0.9973084112001489, \"frozenset({'a2', 'a1'})\": -0.5995942238242091, \"frozenset({'a3', 'a1'})\": 2.083580338482362, \"frozenset({'a4', 'a1'})\": -0.29583181952449866, \"frozenset({'a2', 'a3'})\": 2.4199845428353868, \"frozenset({'a2', 'a4'})\": 1.1336430178124002, \"frozenset({'a3', 'a4'})\": 0.29564053754760344, \"frozenset({'a2', 'a3', 'a1'})\": 3.645784911194994, \"frozenset({'a2', 'a4', 'a1'})\": 5.169931837788431, \"frozenset({'a3', 'a4', 'a1'})\": 4.058076215764741, \"frozenset({'a2', 'a4', 'a3'})\": 4.071380055546903, \"frozenset({'a2', 'a3', 'a4', 'a1'})\": 0.8369195368882583}, {\"frozenset()\": 0.0, \"frozenset({'a1'})\": 0.48042138720438454, \"frozenset({'a2'})\": 0.8457849723027594, \"frozenset({'a3'})\": 1.492649173453167, \"frozenset({'a4'})\": 1.4592310047242796, \"frozenset({'a2', 'a1'})\": 4.650018289408321, \"frozenset({'a3', 'a1'})\": -1.3822202986448664, \"frozenset({'a4', 'a1'})\": 5.937710798058413, \"frozenset({'a2', 'a3'})\": 3.0691096485332245, \"frozenset({'a2', 'a4'})\": 2.755889723237861, \"frozenset({'a3', 'a4'})\": 6.456147695136256, \"frozenset({'a2', 'a3', 'a1'})\": 4.438538452698215, \"frozenset({'a2', 'a4', 'a1'})\": 5.484945946668139, \"frozenset({'a3', 'a4', 'a1'})\": 1.3016016787715992, \"frozenset({'a2', 'a4', 'a3'})\": 4.1459988901434315, \"frozenset({'a2', 'a3', 'a4', 'a1'})\": 6.965621834034199}, {\"frozenset()\": 0.0, \"frozenset({'a1'})\": 2.127699860601979, \"frozenset({'a2'})\": 0.7462501535848631, \"frozenset({'a3'})\": 2.468614786272422, \"frozenset({'a4'})\": 1.045660827411949, \"frozenset({'a2', 'a1'})\": 2.3724567098684184, \"frozenset({'a3', 'a1'})\": 5.111315133276121, \"frozenset({'a4', 'a1'})\": 1.5489849031046452, \"frozenset({'a2', 'a3'})\": -1.5910710667644907, \"frozenset({'a2', 'a4'})\": -1.3587795438636303, \"frozenset({'a3', 'a4'})\": 2.8722226790388588, \"frozenset({'a2', 'a3', 'a1'})\": 4.771645559347098, \"frozenset({'a2', 'a4', 'a1'})\": -4.940632050400081, \"frozenset({'a3', 'a4', 'a1'})\": 4.27783897032541, \"frozenset({'a2', 'a4', 'a3'})\": 1.3952536793143975, \"frozenset({'a2', 'a3', 'a4', 'a1'})\": 2.6861749699004274}, {\"frozenset()\": 0.0, \"frozenset({'a1'})\": -0.9588569219000362, \"frozenset({'a2'})\": 1.7415595482896007, \"frozenset({'a3'})\": 1.3471115147436468, \"frozenset({'a4'})\": 1.1147202494250248, \"frozenset({'a2', 'a1'})\": 1.3702790634888902, \"frozenset({'a3', 'a1'})\": 6.8611854825868415, \"frozenset({'a4', 'a1'})\": 2.3330647500262485, \"frozenset({'a2', 'a3'})\": 1.9025343667599985, \"frozenset({'a2', 'a4'})\": 3.9067581930760733, \"frozenset({'a3', 'a4'})\": 3.873457597125852, \"frozenset({'a2', 'a3', 'a1'})\": 3.4626535772580045, \"frozenset({'a2', 'a4', 'a1'})\": -1.6167764501619661, \"frozenset({'a3', 'a4', 'a1'})\": 5.928776004320364, \"frozenset({'a2', 'a4', 'a3'})\": -0.15670026181714203, \"frozenset({'a2', 'a3', 'a4', 'a1'})\": 3.4215880121897517}, {\"frozenset()\": 0.0, \"frozenset({'a1'})\": -0.8283333135633182, \"frozenset({'a2'})\": 0.4484931541905618, \"frozenset({'a3'})\": 0.8861066232572107, \"frozenset({'a4'})\": 0.9034518573451737, \"frozenset({'a2', 'a1'})\": -0.7221798589206609, \"frozenset({'a3', 'a1'})\": 3.341541769539173, \"frozenset({'a4', 'a1'})\": -0.690516517352477, \"frozenset({'a2', 'a3'})\": 4.701685915467669, \"frozenset({'a2', 'a4'})\": -0.10562148386931414, \"frozenset({'a3', 'a4'})\": 0.07638587632799343, \"frozenset({'a2', 'a3', 'a1'})\": 1.9504702654264439, \"frozenset({'a2', 'a4', 'a1'})\": 6.8757211128255395, \"frozenset({'a3', 'a4', 'a1'})\": 0.049501514061294216, \"frozenset({'a2', 'a4', 'a3'})\": 7.377573397520177, \"frozenset({'a2', 'a3', 'a4', 'a1'})\": 3.9938940633995808}, {\"frozenset()\": 0.0, \"frozenset({'a1'})\": -0.5974588686035109, \"frozenset({'a2'})\": 2.559378006264561, \"frozenset({'a3'})\": 0.7668352855895755, \"frozenset({'a4'})\": -0.4348468897341873, \"frozenset({'a2', 'a1'})\": 1.9421547464790825, \"frozenset({'a3', 'a1'})\": 0.6234747452432106, \"frozenset({'a4', 'a1'})\": 3.8898416518719006, \"frozenset({'a2', 'a3'})\": 3.496137015078251, \"frozenset({'a2', 'a4'})\": -1.7459097911705204, \"frozenset({'a3', 'a4'})\": 5.111365227187525, \"frozenset({'a2', 'a3', 'a1'})\": 5.2708553162869345, \"frozenset({'a2', 'a4', 'a1'})\": 3.1216300551467597, \"frozenset({'a3', 'a4', 'a1'})\": 3.297442368692941, \"frozenset({'a2', 'a4', 'a3'})\": 3.0331587282655867, \"frozenset({'a2', 'a3', 'a4', 'a1'})\": 2.1528595420294296}]",