{"A": ["a1", "a2", "a3", "a4"], "H": "[{\"frozenset()\": 0.0, \"frozenset({'a1'})\": -0.21617668477807528, \"frozenset({'a2'})\": 2.837267547773191, \"frozenset({'a3'})\": 0.7875396300088365, \"frozenset({'a4'})\": 2.4908774221337406, \"frozenset({'a2', 'a1'})\": 1.6379151338451197, \"frozenset({'a3', 'a1'})\": 0.9544596915658738, \"frozenset({'a4', 'a1'})\": -2.708280116147435, \"frozenset({'a2', 'a3'})\": 3.9969213727367108, \"frozenset({'a2', 'a4'})\": 2.487908497965622, \"frozenset({'a3', 'a4'})\": -1.4757364685495182, \"frozenset({'a2', 'a3', 'a1'})\": 2.70684404093659, \"frozenset({'a2', 'a4', 'a1'})\": 2.3425587138756017, \"frozenset({'a3', 'a4', 'a1'})\": 3.5117257047624872, \"frozenset({'a2', 'a4', 'a3'})\": 2.4137774438889434, \"frozenset({'a2', 'a3', 'a4', 'a1'})\": 4.723378987797917}, {\"frozenset()\": 0.0, \"frozenset({'a1'})\": 0.18433021708348052, \"frozenset({'a2'})\": -0.7452392076753187, \"frozenset({'a3'})\": 2.0642094999857963, \"frozenset({'a4'})\": -0.3481439473014034, \"frozenset({'a2', 'a1'})\": -2.3574267391948602, \"frozenset({'a3', 'a1'})\": 2.942839428596784, \"frozenset({'a4', 'a1'})\": 2.685293530397613, \"frozenset({'a2', 'a3'})\": 2.8109923569813087, \"frozenset({'a2', 'a4'})\": 0.8643571466122606, \"frozenset({'a3', 'a4'})\": 4.345352512143034, \"frozenset({'a2', 'a3', 'a1'})\": 1.7418466178781704, \"frozenset({'a2', 'a4', 'a1'})\": 0.8740670999499338, \"frozenset({'a3', 'a4', 'a1'})\": 1.02474300053021, \"frozenset({'a2', 'a4', 'a3'})\": 1.9663968146721842, \"frozenset({'a2', 'a3', 'a4', 'a1'})\": -1.2755313354524267}, {\"frozenset()\": 0.0, \"frozenset({'a1'})\": 1.8666319984591764, \"frozenset({'a2'})\": 2.1117139301057506, \"frozenset({'a3'})\": -0.14733784776916847, \"frozenset({'a4'})\": 1.7222482528916876, \"frozenset({'a2', 'a1'})\": 0.337083764957141, \"frozenset({'a3', 'a1'})\": 0.6597091144562317, \"frozenset({'a4', 'a1'})\": 1.224766307798116, \"frozenset({'a2', 'a3'})\": 0.22505879176232235, \"frozenset({'a2', 'a4'})\": 0.6735627750871502, \"frozenset({'a3', 'a4'})\": 1.200959315658809, \"frozenset({'a2', 'a3', 'a1'})\": 4.612493818803245, \"frozenset({'a2', 'a4', 'a1'})\": 0.39051429108146163, \"frozenset({'a3', 'a4', 'a1'})\": 0.7514125959314941, \"frozenset({'a2', 'a4', 'a3'})\": 5.880638502583871, \"frozenset({'a2', 'a3', 'a4', 'a1'})\": 5.369931033207039}, {\"frozenset()\": 0.0, \"frozenset({'a1'})\": -0.23327894403792637, \"frozenset({'a2'})\": 0.8706786410747677, \"frozenset({'a3'})\": 1.1464502995219288, \"frozenset({'a4'})\": 0.5137301494745331, \"frozenset({'a2', 'a1'})\": 6.171272105743857, \"frozenset({'a3', 'a1'})\": 1.1465211049188309, \"frozenset({'a4', 'a1'})\": 3.6883247082911894, \"frozenset({'a2', 'a3'})\": 3.2647775156484107, \"frozenset({'a2', 'a4'})\": 4.041592719583168, \"frozenset({'a3', 'a4'})\": 3.6060517579507554, \"frozenset({'a2', 'a3', 'a1'})\": -2.2231311508796665, \"frozenset({'a2', 'a4', 'a1'})\": 6.648530069010521, \"frozenset({'a3', 'a4', 'a1'})\": 5.417786037443183, \"frozenset({'a2', 'a4', 'a3'})\": 2.8589465722718024, \"frozenset({'a2', 'a3', 'a4', 'a1'})\": -4.469210189429358}, {\"frozenset()\": 0.0, \"frozenset({'a1'})\": 1.541545235469765, \"frozenset({'a2'})\": -0.4299968937663501, \"frozenset({'a3'})\": -0.608487486761178, \"frozenset({'a4'})\": 0.401728023889534, \"frozenset({'a2', 'a1'})\": 4.737430301644904, \"frozenset({'a3', 'a1'})\": 2.070684925988874, \"frozenset({'a4', 'a1'})\": 2.8872884034065303, \"frozenset({'a2', 'a3'})\": 1.2397184868641253, \"frozenset({'a2', 'a4'})\": 2.3123929266780143, \"frozenset({'a3', 'a4'})\": 3.3438213100834684, \"frozenset({'a2', 'a3', 'a1'})\": 5.329640335421109, \"frozenset({'a2', 'a4', 'a1'})\": 6.475156044704661, \"frozenset({'a3', 'a4', 'a1'})\": 2.68571034763069, \"frozenset({'a2', 'a4', 'a3'})\": 5.818860167058766, \"frozenset({'a2', 'a3', 'a4', 'a1'})\": 5.337463379016913}, {\"frozenset()\": 0.0, \"frozenset({'a1'})\": -0.17749977791786264, \"frozenset({'a2'})\": 1.7476501663582518, \"frozenset({'a3'})\": 0.3853144179040654, \"frozenset({'a4'})\": 1.3579179485953672, \"frozenset({'a2', 'a1'})\": -1.1987261384828676, \"frozenset({'a3', 'a1'})\": 1.7937832916105627, \"frozenset({'a4', 'a1'})\": 3.8779943413853366, \"frozenset({'a2', 'a3'})\": -1.293016282266136, \"frozenset({'a2', 'a4'})\": -0.9880916543694545, \"frozenset({'a3', 'a4'})\": 3.024862261152303, \"frozenset({'a2', 'a3', 'a1'})\": -1.9092713933423386, \"frozenset({'a2', 'a4', 'a1'})\": 4.707736253795261, \"frozenset({'a3', 'a4', 'a1'})\": 8.882419387747097, \"frozenset({'a2', 'a4', 'a3'})\": 1.246740683743065, \"frozenset({'a2', 'a3', 'a4', 'a1'})\": 5.887864354182127}]",