{"A": ["a1", "a2", "a3", "a4", "a5"], "H": "[{\"frozenset()\": 0.0, \"frozenset({'a1'})\": -0.9924485843157296, \"frozenset({'a2'})\": 1.0670306910056169, \"frozenset({'a3'})\": 1.741195775862648, \"frozenset({'a4'})\": 3.2975847150444357, \"frozenset({'a5'})\": 2.027160745132088, \"frozenset({'a2', 'a1'})\": 2.2445398762314026, \"frozenset({'a3', 'a1'})\": 3.596897096660217, \"frozenset({'a4', 'a1'})\": 0.2027505471549924, \"frozenset({'a5', 'a1'})\": 4.683431174040338, \"frozenset({'a2', 'a3'})\": 1.4821463869192213, \"frozenset({'a2', 'a4'})\": 4.787036455609173, \"frozenset({'a2', 'a5'})\": 0.9191692600907648, \"frozenset({'a3', 'a4'})\": -1.0247362438642211, \"frozenset({'a3', 'a5'})\": 1.4899151875608005, \"frozenset({'a5', 'a4'})\": 1.8883152502763423, \"frozenset({'a2', 'a3', 'a1'})\": 0.72287849512501, \"frozenset({'a2', 'a4', 'a1'})\": 2.961414074903131, \"frozenset({'a2', 'a5', 'a1'})\": -0.23452643244647975, \"frozenset({'a3', 'a4', 'a1'})\": 8.929842154721937, \"frozenset({'a3', 'a5', 'a1'})\": 1.1534566551532104, \"frozenset({'a5', 'a4', 'a1'})\": -3.399648290674964, \"frozenset({'a2', 'a4', 'a3'})\": 5.972326522653789, \"frozenset({'a2', 'a5', 'a3'})\": 3.6040763460885143, \"frozenset({'a2', 'a5', 'a4'})\": 1.9222018328577706, \"frozenset({'a3', 'a5', 'a4'})\": 9.272544527413633, \"frozenset({'a2', 'a3', 'a4', 'a1'})\": 6.494989654170303, \"frozenset({'a5', 'a2', 'a3', 'a1'})\": -2.871606760940227, \"frozenset({'a2', 'a5', 'a4', 'a1'})\": 4.668065959770257, \"frozenset({'a3', 'a5', 'a4', 'a1'})\": 6.023896133752646, \"frozenset({'a2', 'a5', 'a4', 'a3'})\": 8.580846423669275, \"frozenset({'a5', 'a4', 'a3', 'a2', 'a1'})\": 5.71764638034983}, {\"frozenset()\": 0.0, \"frozenset({'a1'})\": 1.3812477314015974, \"frozenset({'a2'})\": 0.31428680421746147, \"frozenset({'a3'})\": -0.36665745972483177, \"frozenset({'a4'})\": 1.4300806518784952, \"frozenset({'a5'})\": 0.37756615466601706, \"frozenset({'a2', 'a1'})\": 1.5296162953920784, \"frozenset({'a3', 'a1'})\": 2.3752649665725474, \"frozenset({'a4', 'a1'})\": 3.084501990654378, \"frozenset({'a5', 'a1'})\": 2.735728824108565, \"frozenset({'a2', 'a3'})\": 1.0765087057481548, \"frozenset({'a2', 'a4'})\": 1.2054263901759497, \"frozenset({'a2', 'a5'})\": -3.1018242750032874, \"frozenset({'a3', 'a4'})\": 5.167150501669899, \"frozenset({'a3', 'a5'})\": 0.7973870596395278, \"frozenset({'a5', 'a4'})\": 5.027679264257281, \"frozenset({'a2', 'a3', 'a1'})\": 1.815685570670342, \"frozenset({'a2', 'a4', 'a1'})\": 0.34030255544270727, \"frozenset({'a2', 'a5', 'a1'})\": 2.4829673442623443, \"frozenset({'a3', 'a4', 'a1'})\": 2.61539039700919, \"frozenset({'a3', 'a5', 'a1'})\": -1.2480460697525562, \"frozenset({'a5', 'a4', 'a1'})\": 1.9870258494827122, \"frozenset({'a2', 'a4', 'a3'})\": 4.11558063591246, \"frozenset({'a2', 'a5', 'a3'})\": 3.9606329247503744, \"frozenset({'a2', 'a5', 'a4'})\": 4.710593859816037, \"frozenset({'a3', 'a5', 'a4'})\": 6.249600681136228, \"frozenset({'a2', 'a3', 'a4', 'a1'})\": 3.9604782645406704, \"frozenset({'a5', 'a2', 'a3', 'a1'})\": 7.179380754874469, \"frozenset({'a2', 'a5', 'a4', 'a1'})\": 4.851545214875035, \"frozenset({'a3', 'a5', 'a4', 'a1'})\": 4.827449488642714, \"frozenset({'a2', 'a5', 'a4', 'a3'})\": 3.1733277778678595, \"frozenset({'a5', 'a4', 'a3', 'a2', 'a1'})\": -3.051316444111654}, {\"frozenset()\": 0.0, \"frozenset({'a1'})\": 1.3736110930034684, \"frozenset({'a2'})\": 1.683457830199696, \"frozenset({'a3'})\": 0.3945810069697303, \"frozenset({'a4'})\": 2.526029742673936, \"frozenset({'a5'})\": 0.24729214147755207, \"frozenset({'a2', 'a1'})\": 0.5108910859888907, \"frozenset({'a3', 'a1'})\": 1.2718443197740994, \"frozenset({'a4', 'a1'})\": 3.894462010394953, \"frozenset({'a5', 'a1'})\": 3.344492295394404, \"frozenset({'a2', 'a3'})\": 1.0931497147751714, \"frozenset({'a2', 'a4'})\": -0.7028471618570755, \"frozenset({'a2', 'a5'})\": 1.8987939661576496, \"frozenset({'a3', 'a4'})\": 2.3041669460695133, \"frozenset({'a3', 'a5'})\": 4.947431249821907, \"frozenset({'a5', 'a4'})\": 3.02087746803586, \"frozenset({'a2', 'a3', 'a1'})\": 8.290360662527068, \"frozenset({'a2', 'a4', 'a1'})\": 2.548595599611524, \"frozenset({'a2', 'a5', 'a1'})\": 3.703320148676811, \"frozenset({'a3', 'a4', 'a1'})\": 4.258365913114504, \"frozenset({'a3', 'a5', 'a1'})\": 6.803214920192897, \"frozenset({'a5', 'a4', 'a1'})\": 5.632386441552331, \"frozenset({'a2', 'a4', 'a3'})\": 1.6911307589170193, \"frozenset({'a2', 'a5', 'a3'})\": 2.85949202544196, \"frozenset({'a2', 'a5', 'a4'})\": -3.66636982302758, \"frozenset({'a3', 'a5', 'a4'})\": 4.244036423460029, \"frozenset({'a2', 'a3', 'a4', 'a1'})\": 8.491389143094594, \"frozenset({'a5', 'a2', 'a3', 'a1'})\": 7.659442443234214, \"frozenset({'a2', 'a5', 'a4', 'a1'})\": 1.5142734282902799, \"frozenset({'a3', 'a5', 'a4', 'a1'})\": 3.332319184547072, \"frozenset({'a2', 'a5', 'a4', 'a3'})\": -5.330554072323265, \"frozenset({'a5', 'a4', 'a3', 'a2', 'a1'})\": 5.753177202893515}, {\"frozenset()\": 0.0, \"frozenset({'a1'})\": -0.8525753746097546, \"frozenset({'a2'})\": 0.19979946886851196, \"frozenset({'a3'})\": 0.39186629345748425, \"frozenset({'a4'})\": 0.9579214750808667, \"frozenset({'a5'})\": 1.8840569523105977, \"frozenset({'a2', 'a1'})\": 5.505304024852442, \"frozenset({'a3', 'a1'})\": 7.27737843297527, \"frozenset({'a4', 'a1'})\": 0.14630013962766797, \"frozenset({'a5', 'a1'})\": 2.1552451394368926, \"frozenset({'a2', 'a3'})\": 0.13203612751305016, \"frozenset({'a2', 'a4'})\": 4.730776891466722, \"frozenset({'a2', 'a5'})\": 0.8154427642441724, \"frozenset({'a3', 'a4'})\": 2.915974426955656, \"frozenset({'a3', 'a5'})\": 3.981030505092771, \"frozenset({'a5', 'a4'})\": 0.4916597710426329, \"frozenset({'a2', 'a3', 'a1'})\": 3.928557045047181, \"frozenset({'a2', 'a4', 'a1'})\": 2.9288823250174874, \"frozenset({'a2', 'a5', 'a1'})\": 2.206414516335764, \"frozenset({'a3', 'a4', 'a1'})\": 2.733859059596181, \"frozenset({'a3', 'a5', 'a1'})\": 1.3660860258043965, \"frozenset({'a5', 'a4', 'a1'})\": 2.8091671339227844, \"frozenset({'a2', 'a4', 'a3'})\": 3.0088417881050304, \"frozenset({'a2', 'a5', 'a3'})\": 5.578512652382543, \"frozenset({'a2', 'a5', 'a4'})\": 2.913635469791445, \"frozenset({'a3', 'a5', 'a4'})\": 4.299165132074924, \"frozenset({'a2', 'a3', 'a4', 'a1'})\": 3.9442636266554927, \"frozenset({'a5', 'a2', 'a3', 'a1'})\": 10.06375101779352, \"frozenset({'a2', 'a5', 'a4', 'a1'})\": 5.760369659821227, \"frozenset({'a3', 'a5', 'a4', 'a1'})\": -1.7170940042214058, \"frozenset({'a2', 'a5', 'a4', 'a3'})\": -2.0723951659715896, \"frozenset({'a5', 'a4', 'a3', 'a2', 'a1'})\": 8.230494837241494}]",