{"A": ["a1", "a2", "a3", "a4"], "H": "[{\"frozenset()\": 0.0, \"frozenset({'a1'})\": 0.9036211295994447, \"frozenset({'a2'})\": 0.2638721844242966, \"frozenset({'a3'})\": 1.524488351614147, \"frozenset({'a4'})\": -0.07168154585805864, \"frozenset({'a2', 'a1'})\": 0.5069865163782834, \"frozenset({'a3', 'a1'})\": 1.4137768107899686, \"frozenset({'a4', 'a1'})\": 3.7998344714825754, \"frozenset({'a2', 'a3'})\": 3.7492777457435826, \"frozenset({'a2', 'a4'})\": 3.0237551220302725, \"frozenset({'a3', 'a4'})\": 1.730531173366961, \"frozenset({'a2', 'a3', 'a1'})\": 1.8591755631754205, \"frozenset({'a2', 'a4', 'a1'})\": 3.285468650959728, \"frozenset({'a3', 'a4', 'a1'})\": 2.098099700594414, \"frozenset({'a2', 'a4', 'a3'})\": 5.580889326100594, \"frozenset({'a2', 'a3', 'a4', 'a1'})\": 12.100366277666783}, {\"frozenset()\": 0.0, \"frozenset({'a1'})\": 1.518702701763347, \"frozenset({'a2'})\": -1.2892164516254785, \"frozenset({'a3'})\": 1.8972829219428373, \"frozenset({'a4'})\": -0.2873612633273315, \"frozenset({'a2', 'a1'})\": -3.768730632033173, \"frozenset({'a3', 'a1'})\": 3.922391845896995, \"frozenset({'a4', 'a1'})\": 4.692981585321748, \"frozenset({'a2', 'a3'})\": 0.14305777058561064, \"frozenset({'a2', 'a4'})\": 2.7764288355775655, \"frozenset({'a3', 'a4'})\": 2.785137568723992, \"frozenset({'a2', 'a3', 'a1'})\": 3.352110148840353, \"frozenset({'a2', 'a4', 'a1'})\": -0.0028975135101427796, \"frozenset({'a3', 'a4', 'a1'})\": 0.08732789676323449, \"frozenset({'a2', 'a4', 'a3'})\": 2.4506398248443393, \"frozenset({'a2', 'a3', 'a4', 'a1'})\": 4.097751485133932}, {\"frozenset()\": 0.0, \"frozenset({'a1'})\": 2.589234175780759, \"frozenset({'a2'})\": 1.6080399107581052, \"frozenset({'a3'})\": 0.6858724746723446, \"frozenset({'a4'})\": -1.1886170118499515, \"frozenset({'a2', 'a1'})\": 4.882491970165079, \"frozenset({'a3', 'a1'})\": 6.972010126147904, \"frozenset({'a4', 'a1'})\": 1.6240440903374878, \"frozenset({'a2', 'a3'})\": 2.0218815954963256, \"frozenset({'a2', 'a4'})\": -2.1814446666017373, \"frozenset({'a3', 'a4'})\": 0.25799476034692415, \"frozenset({'a2', 'a3', 'a1'})\": 5.940513646885636, \"frozenset({'a2', 'a4', 'a1'})\": 0.5236911465629204, \"frozenset({'a3', 'a4', 'a1'})\": 2.8067761503601933, \"frozenset({'a2', 'a4', 'a3'})\": 3.5461827451145487, \"frozenset({'a2', 'a3', 'a4', 'a1'})\": -0.24845473432649445}, {\"frozenset()\": 0.0, \"frozenset({'a1'})\": 2.2704276621836383, \"frozenset({'a2'})\": 1.9981887278345782, \"frozenset({'a3'})\": 0.8110478904299221, \"frozenset({'a4'})\": 1.2627806258704544, \"frozenset({'a2', 'a1'})\": 0.6430610958226504, \"frozenset({'a3', 'a1'})\": 5.010442866622167, \"frozenset({'a4', 'a1'})\": 2.6135503689702237, \"frozenset({'a2', 'a3'})\": 0.6075198938487105, \"frozenset({'a2', 'a4'})\": -1.0390893629983573, \"frozenset({'a3', 'a4'})\": -2.0448254697950015, \"frozenset({'a2', 'a3', 'a1'})\": 5.160306489421025, \"frozenset({'a2', 'a4', 'a1'})\": 2.306225800494888, \"frozenset({'a3', 'a4', 'a1'})\": 2.1033753747615664, \"frozenset({'a2', 'a4', 'a3'})\": 5.432172100369945, \"frozenset({'a2', 'a3', 'a4', 'a1'})\": -3.51449467773167}, {\"frozenset()\": 0.0, \"frozenset({'a1'})\": 0.5973413889568171, \"frozenset({'a2'})\": 0.9388033611930445, \"frozenset({'a3'})\": 2.4322836239530696, \"frozenset({'a4'})\": 1.016541391395605, \"frozenset({'a2', 'a1'})\": 4.540920274998744, \"frozenset({'a3', 'a1'})\": 4.148669097207429, \"frozenset({'a4', 'a1'})\": 0.07527669594843034, \"frozenset({'a2', 'a3'})\": 0.5203103878809752, \"frozenset({'a2', 'a4'})\": -0.9545176132818045, \"frozenset({'a3', 'a4'})\": -1.7244366897172054, \"frozenset({'a2', 'a3', 'a1'})\": 2.4246422924240614, \"frozenset({'a2', 'a4', 'a1'})\": 3.007899882287281, \"frozenset({'a3', 'a4', 'a1'})\": 0.7837046379055108, \"frozenset({'a2', 'a4', 'a3'})\": 2.71855235086543, \"frozenset({'a2', 'a3', 'a4', 'a1'})\": 5.962390687579969}]", "Pi": "[{\"py/tuple\": [{\"py/object\": \"networkx.classes.graph.Graph\", \"graph_attr_dict_factory\": {\"py/type\": \"builtins.dict\"}, \"node_dict_factory\": {\"py/type\": \"builtins.dict\"}, \"node_attr_dict_factory\": {\"py/type\": \"builtins.dict\"}, \"adjlist_outer_dict_factory\": {\"py/type\": \"builtins.dict\"}, \"adjlist_inner_dict_factory\": {\"py/type\": \"builtins.dict\"}, \"edge_attr_dict_factory\": {\"py/type\": \"builtins.dict\"}, \"graph\": {}, \"_node\": {\"a1\": {}, \"a2\": {}, \"a3\": {}, \"a4\": {}}, \"_adj\": {\"a1\": {\"a2\": {}, \"a4\": {}}, \"a2\": {\"a1\": {\"py/id\": 10}, \"a3\": {}, \"a4\": {}}, \"a3\": {\"a2\": {\"py/id\": 13}, \"a4\": {}}, \"a4\": {\"a1\": {\"py/id\": 11}, \"a2\": {\"py/id\": 14}, \"a3\": {\"py/id\": 16}}}}, {\"py/set\": [\"a2\", \"a4\"]}, {\"a2\": 1, \"a4\": 1}, {\"a2\": 0, \"a4\": 0}, 1, 0]}, {\"py/tuple\": [{\"py/object\": \"networkx.classes.graph.Graph\", \"graph_attr_dict_factory\": {\"py/type\": \"builtins.dict\"}, \"node_dict_factory\": {\"py/type\": \"builtins.dict\"}, \"node_attr_dict_factory\": {\"py/type\": \"builtins.dict\"}, \"adjlist_outer_dict_factory\": {\"py/type\": \"builtins.dict\"}, \"adjlist_inner_dict_factory\": {\"py/type\": \"builtins.dict\"}, \"edge_attr_dict_factory\": {\"py/type\": \"builtins.dict\"}, \"graph\": {}, \"_node\": {\"a1\": {}, \"a2\": {}, \"a3\": {}, \"a4\": {}}, \"_adj\": {\"a1\": {\"a2\": {}, \"a3\": {}}, \"a2\": {\"a1\": {\"py/id\": 29}}, \"a3\": {\"a1\": {\"py/id\": 30}}, \"a4\": {}}}, {\"py/set\": []}, {}, {}, 1, 0]}, {\"py/tuple\": [{\"py/object\": \"networkx.classes.graph.Graph\", \"graph_attr_dict_factory\": {\"py/type\": \"builtins.dict\"}, \"node_dict_factory\": {\"py/type\": \"builtins.dict\"}, \"node_attr_dict_factory\": {\"py/type\": \"builtins.dict\"}, \"adjlist_outer_dict_factory\": {\"py/type\": \"builtins.dict\"}, \"adjlist_inner_dict_factory\": {\"py/type\": \"builtins.dict\"}, \"edge_attr_dict_factory\": {\"py/type\": \"builtins.dict\"}, \"graph\": {}, \"_node\": {\"a1\": {}, \"a2\": {}, \"a3\": {}, \"a4\": {}}, \"_adj\": {\"a1\": {\"a2\": {}, \"a4\": {}}, \"a2\": {\"a1\": {\"py/id\": 45}, \"a3\": {}}, \"a3\": {\"a2\": {\"py/id\": 48}, \"a4\": {}}, \"a4\": {\"a1\": {\"py/id\": 46}, \"a3\": {\"py/id\": 50}}}}, {\"py/set\": [\"a2\", \"a4\"]}, {\"a2\": 1, \"a4\": 1}, {\"a2\": 0, \"a4\": 0}, 1, 0]}, {\"py/tuple\": [{\"py/object\": \"networkx.classes.graph.Graph\", \"graph_attr_dict_factory\": {\"py/type\": \"builtins.dict\"}, \"node_dict_factory\": {\"py/type\": \"builtins.dict\"}, \"node_attr_dict_factory\": {\"py/type\": \"builtins.dict\"}, \"adjlist_outer_dict_factory\": {\"py/type\": \"builtins.dict\"}, \"adjlist_inner_dict_factory\": {\"py/type\": \"builtins.dict\"}, \"edge_attr_dict_factory\": {\"py/type\": \"builtins.dict\"}, \"graph\": {}, \"_node\": {\"a1\": {}, \"a2\": {}, \"a3\": {}, \"a4\": {}}, \"_adj\": {\"a1\": {\"a2\": {}, \"a3\": {}, \"a4\": {}}, \"a2\": {\"a1\": {\"py/id\": 63}, \"a3\": {}}, \"a3\": {\"a1\": {\"py/id\": 64}, \"a2\": {\"py/id\": 67}, \"a4\": {}}, \"a4\": {\"a1\": {\"py/id\": 65}, \"a3\": {\"py/id\": 69}}}}, {\"py/set\": []}, {}, {}, 1, 0]}, {\"py/tuple\": [{\"py/object\": \"networkx.classes.graph.Graph\", \"graph_attr_dict_factory\": {\"py/type\": \"builtins.dict\"}, \"node_dict_factory\": {\"py/type\": \"builtins.dict\"}, \"node_attr_dict_factory\": {\"py/type\": \"builtins.dict\"}, \"adjlist_outer_dict_factory\": {\"py/type\": \"builtins.dict\"}, \"adjlist_inner_dict_factory\": {\"py/type\": \"builtins.dict\"}, \"edge_attr_dict_factory\": {\"py/type\": \"builtins.dict\"}, \"graph\": {}, \"_node\": {\"a1\": {}, \"a2\": {}, \"a3\": {}, \"a4\": {}}, \"_adj\": {\"a1\": {\"a2\": {}, \"a3\": {}, \"a4\": {}}, \"a2\": {\"a1\": {\"py/id\": 82}}, \"a3\": {\"a1\": {\"py/id\": 83}, \"a4\": {}}, \"a4\": {\"a1\": {\"py/id\": 84}, \"a3\": {\"py/id\": 87}}}}, {\"py/set\": [\"a3\", \"a1\"]}, {\"a3\": 1, \"a1\": 1}, {\"a3\": 0, \"a1\": 0}, 1, 0]}]"}