{"A": ["a1", "a2", "a3", "a4", "a5"], "H": "[{\"frozenset()\": 0.0, \"frozenset({'a1'})\": -0.144672704357375, \"frozenset({'a2'})\": 1.5657113970773828, \"frozenset({'a3'})\": 1.8311933000432874, \"frozenset({'a4'})\": 0.9389749280287152, \"frozenset({'a5'})\": 0.7644216444387669, \"frozenset({'a2', 'a1'})\": 1.3039716563012007, \"frozenset({'a3', 'a1'})\": 2.67509158110345, \"frozenset({'a4', 'a1'})\": 1.1702483401310686, \"frozenset({'a5', 'a1'})\": 5.868354064135131, \"frozenset({'a2', 'a3'})\": -2.3380597094346083, \"frozenset({'a2', 'a4'})\": 0.05145715816926111, \"frozenset({'a2', 'a5'})\": 1.0405628255161168, \"frozenset({'a3', 'a4'})\": -0.6916407348014668, \"frozenset({'a3', 'a5'})\": 6.682499107070793, \"frozenset({'a5', 'a4'})\": 0.8281468561873611, \"frozenset({'a2', 'a3', 'a1'})\": -1.0036860832310772, \"frozenset({'a2', 'a4', 'a1'})\": -1.3453768499967431, \"frozenset({'a2', 'a5', 'a1'})\": 4.761087825480685, \"frozenset({'a3', 'a4', 'a1'})\": 5.199827770876279, \"frozenset({'a3', 'a5', 'a1'})\": 4.141006034616776, \"frozenset({'a5', 'a4', 'a1'})\": 5.930041280469132, \"frozenset({'a2', 'a4', 'a3'})\": 5.378953835513011, \"frozenset({'a2', 'a5', 'a3'})\": -2.6870159520245167, \"frozenset({'a2', 'a5', 'a4'})\": 1.5955435687210406, \"frozenset({'a3', 'a5', 'a4'})\": 2.0645904074613095, \"frozenset({'a2', 'a3', 'a4', 'a1'})\": -0.8021140123834058, \"frozenset({'a5', 'a2', 'a3', 'a1'})\": 4.78239707058621, \"frozenset({'a2', 'a5', 'a4', 'a1'})\": 4.605645350708814, \"frozenset({'a3', 'a5', 'a4', 'a1'})\": 4.432857543509526, \"frozenset({'a2', 'a5', 'a4', 'a3'})\": -7.255529724202713, \"frozenset({'a5', 'a4', 'a3', 'a2', 'a1'})\": 4.1630830273290105}, {\"frozenset()\": 0.0, \"frozenset({'a1'})\": 0.037296899640555825, \"frozenset({'a2'})\": 0.8865254071400301, \"frozenset({'a3'})\": 0.7401839120938685, \"frozenset({'a4'})\": -0.20205918912237153, \"frozenset({'a5'})\": 2.3057262208090656, \"frozenset({'a2', 'a1'})\": 2.826635458509772, \"frozenset({'a3', 'a1'})\": 5.569780561012867, \"frozenset({'a4', 'a1'})\": -0.20910942378507213, \"frozenset({'a5', 'a1'})\": 0.5168630358607338, \"frozenset({'a2', 'a3'})\": 5.161060773199077, \"frozenset({'a2', 'a4'})\": -2.2525554742744553, \"frozenset({'a2', 'a5'})\": 3.8506191005246255, \"frozenset({'a3', 'a4'})\": 1.9078485007483874, \"frozenset({'a3', 'a5'})\": -0.6415824755414139, \"frozenset({'a5', 'a4'})\": -0.7075438952532158, \"frozenset({'a2', 'a3', 'a1'})\": 4.9451824026388955, \"frozenset({'a2', 'a4', 'a1'})\": 0.23580018442172612, \"frozenset({'a2', 'a5', 'a1'})\": 0.339599031740645, \"frozenset({'a3', 'a4', 'a1'})\": 5.71721946901903, \"frozenset({'a3', 'a5', 'a1'})\": -1.0897061053705626, \"frozenset({'a5', 'a4', 'a1'})\": 3.8032157367879673, \"frozenset({'a2', 'a4', 'a3'})\": -1.6512824693823074, \"frozenset({'a2', 'a5', 'a3'})\": 5.5453737769864535, \"frozenset({'a2', 'a5', 'a4'})\": 4.386582670455635, \"frozenset({'a3', 'a5', 'a4'})\": 7.490935400919092, \"frozenset({'a2', 'a3', 'a4', 'a1'})\": -0.18758403132438684, \"frozenset({'a5', 'a2', 'a3', 'a1'})\": 4.9718813377688855, \"frozenset({'a2', 'a5', 'a4', 'a1'})\": 5.9427384661375555, \"frozenset({'a3', 'a5', 'a4', 'a1'})\": 0.5368022265241494, \"frozenset({'a2', 'a5', 'a4', 'a3'})\": -2.981983014769024, \"frozenset({'a5', 'a4', 'a3', 'a2', 'a1'})\": -0.6387285165483529}, {\"frozenset()\": 0.0, \"frozenset({'a1'})\": 1.519008934325607, \"frozenset({'a2'})\": 2.498011383641085, \"frozenset({'a3'})\": 1.373432708432742, \"frozenset({'a4'})\": 0.4143102408305954, \"frozenset({'a5'})\": 0.997425920993656, \"frozenset({'a2', 'a1'})\": -0.9883110709547287, \"frozenset({'a3', 'a1'})\": 1.0154536309687514, \"frozenset({'a4', 'a1'})\": 1.8990816452279766, \"frozenset({'a5', 'a1'})\": 0.39873747692819084, \"frozenset({'a2', 'a3'})\": -0.12332926759531526, \"frozenset({'a2', 'a4'})\": 8.04106026439821, \"frozenset({'a2', 'a5'})\": 3.348279482434921, \"frozenset({'a3', 'a4'})\": 1.7992680375892374, \"frozenset({'a3', 'a5'})\": 3.1993333682950937, \"frozenset({'a5', 'a4'})\": 5.782213880289596, \"frozenset({'a2', 'a3', 'a1'})\": 6.372214675763847, \"frozenset({'a2', 'a4', 'a1'})\": 3.585676348186911, \"frozenset({'a2', 'a5', 'a1'})\": 4.028830061144632, \"frozenset({'a3', 'a4', 'a1'})\": -2.0248413801795424, \"frozenset({'a3', 'a5', 'a1'})\": 1.3958617035931442, \"frozenset({'a5', 'a4', 'a1'})\": 2.252204784280136, \"frozenset({'a2', 'a4', 'a3'})\": 2.581960653144316, \"frozenset({'a2', 'a5', 'a3'})\": 1.5590126349376183, \"frozenset({'a2', 'a5', 'a4'})\": 4.819828822707698, \"frozenset({'a3', 'a5', 'a4'})\": 7.674712703137296, \"frozenset({'a2', 'a3', 'a4', 'a1'})\": 7.210069091328263, \"frozenset({'a5', 'a2', 'a3', 'a1'})\": 2.8276041841688184, \"frozenset({'a2', 'a5', 'a4', 'a1'})\": -0.7999285183480378, \"frozenset({'a3', 'a5', 'a4', 'a1'})\": -1.209079909461673, \"frozenset({'a2', 'a5', 'a4', 'a3'})\": 0.9225616138040991, \"frozenset({'a5', 'a4', 'a3', 'a2', 'a1'})\": 4.658787584707942}, {\"frozenset()\": 0.0, \"frozenset({'a1'})\": 0.2618480709117459, \"frozenset({'a2'})\": 1.8810388746312405, \"frozenset({'a3'})\": 1.233603913101741, \"frozenset({'a4'})\": -0.20536082274077994, \"frozenset({'a5'})\": 1.925135726320734, \"frozenset({'a2', 'a1'})\": -0.24392070892913686, \"frozenset({'a3', 'a1'})\": 1.6974017769010668, \"frozenset({'a4', 'a1'})\": 3.9340658210779695, \"frozenset({'a5', 'a1'})\": 1.2608874222221118, \"frozenset({'a2', 'a3'})\": -0.23559105628215082, \"frozenset({'a2', 'a4'})\": -1.5238209543856613, \"frozenset({'a2', 'a5'})\": 1.6341735339178687, \"frozenset({'a3', 'a4'})\": 5.54205923246335, \"frozenset({'a3', 'a5'})\": 1.2231113566651075, \"frozenset({'a5', 'a4'})\": 3.554106239790169, \"frozenset({'a2', 'a3', 'a1'})\": 2.127141156597983, \"frozenset({'a2', 'a4', 'a1'})\": 6.32493936512304, \"frozenset({'a2', 'a5', 'a1'})\": 0.5962935481011264, \"frozenset({'a3', 'a4', 'a1'})\": 5.291392854456326, \"frozenset({'a3', 'a5', 'a1'})\": -3.5811977397235433, \"frozenset({'a5', 'a4', 'a1'})\": 5.768041082425775, \"frozenset({'a2', 'a4', 'a3'})\": 2.8050524185391397, \"frozenset({'a2', 'a5', 'a3'})\": 2.7585961458729864, \"frozenset({'a2', 'a5', 'a4'})\": 0.6967446250573048, \"frozenset({'a3', 'a5', 'a4'})\": 0.7030463678709973, \"frozenset({'a2', 'a3', 'a4', 'a1'})\": 10.71290631279506, \"frozenset({'a5', 'a2', 'a3', 'a1'})\": 2.5956219837634666, \"frozenset({'a2', 'a5', 'a4', 'a1'})\": 6.263036018469655, \"frozenset({'a3', 'a5', 'a4', 'a1'})\": 6.1927985013205085, \"frozenset({'a2', 'a5', 'a4', 'a3'})\": 4.38949594209863, \"frozenset({'a5', 'a4', 'a3', 'a2', 'a1'})\": 1.065337634277598}, {\"frozenset()\": 0.0, \"frozenset({'a1'})\": 1.3295812682751613, \"frozenset({'a2'})\": 1.5409064219770396, \"frozenset({'a3'})\": -0.053325502183369844, \"frozenset({'a4'})\": 1.7034082093938765, \"frozenset({'a5'})\": 0.6590990914521468, \"frozenset({'a2', 'a1'})\": 3.1450195104817165, \"frozenset({'a3', 'a1'})\": -0.48707130361029893, \"frozenset({'a4', 'a1'})\": 1.0379211905147958, \"frozenset({'a5', 'a1'})\": 0.34917756409806544, \"frozenset({'a2', 'a3'})\": 1.535510881669684, \"frozenset({'a2', 'a4'})\": 1.2918799767364906, \"frozenset({'a2', 'a5'})\": 3.047424674952132, \"frozenset({'a3', 'a4'})\": -0.7866233429970153, \"frozenset({'a3', 'a5'})\": 5.1683200451956655, \"frozenset({'a5', 'a4'})\": 5.4909970827051335, \"frozenset({'a2', 'a3', 'a1'})\": 2.325182916220609, \"frozenset({'a2', 'a4', 'a1'})\": 6.9746851431149866, \"frozenset({'a2', 'a5', 'a1'})\": 3.5643600803562183, \"frozenset({'a3', 'a4', 'a1'})\": 1.3087879250173946, \"frozenset({'a3', 'a5', 'a1'})\": 2.713772550377779, \"frozenset({'a5', 'a4', 'a1'})\": 5.596202967498625, \"frozenset({'a2', 'a4', 'a3'})\": -1.1622298487656728, \"frozenset({'a2', 'a5', 'a3'})\": 4.8471363667215694, \"frozenset({'a2', 'a5', 'a4'})\": 2.4838461817024498, \"frozenset({'a3', 'a5', 'a4'})\": 2.8354705261316653, \"frozenset({'a2', 'a3', 'a4', 'a1'})\": 6.204214073407143, \"frozenset({'a5', 'a2', 